Workbook

Sheet З-1. Данные
A1: Имеются следующие данные об уровне розничного товарооборота (млн. руб) | G1: Дано:
C2: объеме промышленного производства (млн. руб) | G2: Y - данные об розничном товарообороте
C3: среднедушевом денежном доходе (тыс. руб) | G3: X - данные об промышленном производстве
A5: в различных населенных пунктах | E5: На основе парной регрессии | U5: Для множественной регрессии
A6: Номер | B6: Розничный товарооброт (y) | C6: Объем промышленного производства (x₁) | D6: Среднедушевой денежный доход (x₂) | E6: x1i * y | F6: x2i * y | G6: x1i² | H6: x2i² | I6: ŷ₁ | J6: ŷ₂ | K6: (ŷ₁-ȳ)² | L6: (ŷ₂-ȳ)² | M6: (yi-ȳ)² | N6: (x₁i-x̄₁)² | O6: (x₂i-x̄₂)² | P6: (yi-ŷ₁)² | Q6: (yi-ŷ2)² | R6: (x₁i-x̄₁)*(x₂i-x̄₂) | S6: (yi-ȳ)*(x₁i-x̄₁) | T6: (yi-ȳ)*(x₂i-x̄₂) | U6: ŷ | V6: SSост | W6: SSфакт
A7: 1 | B7: 118.56 | C7: 247 | D7: 15 | E7: =C7*B7 -> 29284.32 | F7: =D7*B7 -> 1778.4 | G7: =C7^2 -> 61009 | H7: =D7^2 -> 225 | I7: =$B$29+$B$28*C7 -> 129.14594 | J7: ='ДЗ-3'!$B$11+'ДЗ-3'!$B$10*'З-1. Данные'!D7 -> 119.51325 | K7: =(I7-$B$23)^2 -> 1871.3747 | L7: =(J7-$B$23)^2 -> 2797.5721 | M7: =(B7-$B$23)^2 -> 2899.3199 | N7: =(C7-$C$23)^2 -> 4928.04 | O7: =(D7-$D$23)^2 -> 69.444444 | P7: =(B7-I7)^2 -> 112.06223 | Q7: =(B7-J7)^2 -> 0.90869178 | R7: =(C7-$C$23) * (D7-$D$23) -> 585 | S7: =(B7-$B$23)*(C7-$C$23) -> 3779.9424 | T7: =(B7-$B$23)*(D7-$D$23) -> 448.71111 | U7: =$F$29+$F$30*C7+$F$31*D7 -> 112.99019 | V7: =(U7-B7)^2 -> 31.022754 | W7: =(U7-$B$23)^2 -> 3530.1589
A8: 2 | B8: 124.96 | C8: 284 | D8: 18 | E8: =C8*B8 -> 35488.64 | F8: =D8*B8 -> 2249.28 | G8: =C8^2 -> 80656 | H8: =D8^2 -> 324 | I8: =$B$29+$B$28*C8 -> 151.94648 | J8: ='ДЗ-3'!$B$11+'ДЗ-3'!$B$10*'З-1. Данные'!D8 -> 138.5544 | K8: =(I8-$B$23)^2 -> 418.56479 | L8: =(J8-$B$23)^2 -> 1145.8855 | M8: =(B8-$B$23)^2 -> 2251.0597 | N8: =(C8-$C$23)^2 -> 1102.24 | O8: =(D8-$D$23)^2 -> 28.444444 | P8: =(B8-I8)^2 -> 728.26995 | Q8: =(B8-J8)^2 -> 184.80777 | R8: =(C8-$C$23) * (D8-$D$23) -> 177.06667 | S8: =(B8-$B$23)*(C8-$C$23) -> 1575.1851 | T8: =(B8-$B$23)*(D8-$D$23) -> 253.04178 | U8: =$F$29+$F$30*C8+$F$31*D8 -> 137.9316 | V8: =(U8-B8)^2 -> 168.26239 | W8: =(U8-$B$23)^2 -> 1188.4383
A9: 3 | B9: 134.16 | C9: 258 | D9: 18 | E9: =C9*B9 -> 34613.28 | F9: =D9*B9 -> 2414.88 | G9: =C9^2 -> 66564 | H9: =D9^2 -> 324 | I9: =$B$29+$B$28*C9 -> 135.92448 | J9: ='ДЗ-3'!$B$11+'ДЗ-3'!$B$10*'З-1. Данные'!D9 -> 138.5544 | K9: =(I9-$B$23)^2 -> 1330.8526 | L9: =(J9-$B$23)^2 -> 1145.8855 | M9: =(B9-$B$23)^2 -> 1462.7055 | N9: =(C9-$C$23)^2 -> 3504.64 | O9: =(D9-$D$23)^2 -> 28.444444 | P9: =(B9-I9)^2 -> 3.1133949 | Q9: =(B9-J9)^2 -> 19.31077 | R9: =(C9-$C$23) * (D9-$D$23) -> 315.73333 | S9: =(B9-$B$23)*(C9-$C$23) -> 2264.1237 | T9: =(B9-$B$23)*(D9-$D$23) -> 203.97511 | U9: =$F$29+$F$30*C9+$F$31*D9 -> 130.05721 | V9: =(U9-B9)^2 -> 16.832899 | W9: =(U9-$B$23)^2 -> 1793.3637
A10: 4 | B10: 155.04 | C10: 323 | D10: 19 | E10: =C10*B10 -> 50077.92 | F10: =D10*B10 -> 2945.76 | G10: =C10^2 -> 104329 | H10: =D10^2 -> 361 | I10: =$B$29+$B$28*C10 -> 175.97947 | J10: ='ДЗ-3'!$B$11+'ДЗ-3'!$B$10*'З-1. Данные'!D10 -> 144.90145 | K10: =(I10-$B$23)^2 -> 12.774459 | L10: =(J10-$B$23)^2 -> 756.46351 | M10: =(B10-$B$23)^2 -> 301.5548 | N10: =(C10-$C$23)^2 -> 33.64 | O10: =(D10-$D$23)^2 -> 18.777778 | P10: =(B10-I10)^2 -> 438.46144 | Q10: =(B10-J10)^2 -> 102.79016 | R10: =(C10-$C$23) * (D10-$D$23) -> -25.133333 | S10: =(B10-$B$23)*(C10-$C$23) -> -100.71893 | T10: =(B10-$B$23)*(D10-$D$23) -> 75.249778 | U10: =$F$29+$F$30*C10+$F$31*D10 -> 154.3217 | V10: =(U10-B10)^2 -> 0.51595506 | W10: =(U10-$B$23)^2 -> 327.0178
A11: 5 | B11: 161.12 | C11: 304 | D11: 27 | E11: =C11*B11 -> 48980.48 | F11: =D11*B11 -> 4350.24 | G11: =C11^2 -> 92416 | H11: =D11^2 -> 729 | I11: =$B$29+$B$28*C11 -> 164.27109 | J11: ='ДЗ-3'!$B$11+'ДЗ-3'!$B$10*'З-1. Данные'!D11 -> 195.67785 | K11: =(I11-$B$23)^2 -> 66.165925 | L11: =(J11-$B$23)^2 -> 541.60997 | M11: =(B11-$B$23)^2 -> 127.35875 | N11: =(C11-$C$23)^2 -> 174.24 | O11: =(D11-$D$23)^2 -> 13.444444 | P11: =(B11-I11)^2 -> 9.929364 | Q11: =(B11-J11)^2 -> 1194.2449 | R11: =(C11-$C$23) * (D11-$D$23) -> -48.4 | S11: =(B11-$B$23)*(C11-$C$23) -> 148.9664 | T11: =(B11-$B$23)*(D11-$D$23) -> -41.379556 | U11: =$F$29+$F$30*C11+$F$31*D11 -> 185.19545 | V11: =(U11-B11)^2 -> 579.62735 | W11: =(U11-$B$23)^2 -> 163.58711
A12: 6 | B12: 165.13 | C12: 337 | D12: 22 | E12: =C12*B12 -> 55648.81 | F12: =D12*B12 -> 3632.86 | G12: =C12^2 -> 113569 | H12: =D12^2 -> 484 | I12: =$B$29+$B$28*C12 -> 184.6067 | J12: ='ДЗ-3'!$B$11+'ДЗ-3'!$B$10*'З-1. Данные'!D12 -> 163.9426 | K12: =(I12-$B$23)^2 -> 148.87333 | L12: =(J12-$B$23)^2 -> 71.617847 | M12: =(B12-$B$23)^2 -> 52.930475 | N12: =(C12-$C$23)^2 -> 392.04 | O12: =(D12-$D$23)^2 -> 1.7777778 | P12: =(B12-I12)^2 -> 379.34182 | Q12: =(B12-J12)^2 -> 1.4099175 | R12: =(C12-$C$23) * (D12-$D$23) -> -26.4 | S12: =(B12-$B$23)*(C12-$C$23) -> -144.0516 | T12: =(B12-$B$23)*(D12-$D$23) -> 9.7004444 | U12: =$F$29+$F$30*C12+$F$31*D12 -> 172.2973 | V12: =(U12-B12)^2 -> 51.370178 | W12: =(U12-$B$23)^2 -> 0.011671369
A13: 7 | B13: 170 | C13: 340 | D13: 23 | E13: =C13*B13 -> 57800 | F13: =D13*B13 -> 3910 | G13: =C13^2 -> 115600 | H13: =D13^2 -> 529 | I13: =$B$29+$B$28*C13 -> 186.45539 | J13: ='ДЗ-3'!$B$11+'ДЗ-3'!$B$10*'З-1. Данные'!D13 -> 170.28965 | K13: =(I13-$B$23)^2 -> 197.40412 | L13: =(J13-$B$23)^2 -> 4.4761154 | M13: =(B13-$B$23)^2 -> 5.7856284 | N13: =(C13-$C$23)^2 -> 519.84 | O13: =(D13-$D$23)^2 -> 0.11111111 | P13: =(B13-I13)^2 -> 270.7799 | Q13: =(B13-J13)^2 -> 0.083897198 | R13: =(C13-$C$23) * (D13-$D$23) -> -7.6 | S13: =(B13-$B$23)*(C13-$C$23) -> -54.8416 | T13: =(B13-$B$23)*(D13-$D$23) -> 0.80177778 | U13: =$F$29+$F$30*C13+$F$31*D13 -> 177.7844 | V13: =(U13-B13)^2 -> 60.596837 | W13: =(U13-$B$23)^2 -> 28.934326
A14: 8 | B14: 174.42 | C14: 306 | D14: 24 | E14: =C14*B14 -> 53372.52 | F14: =D14*B14 -> 4186.08 | G14: =C14^2 -> 93636 | H14: =D14^2 -> 576 | I14: =$B$29+$B$28*C14 -> 165.50355 | J14: ='ДЗ-3'!$B$11+'ДЗ-3'!$B$10*'З-1. Данные'!D14 -> 176.6367 | K14: =(I14-$B$23)^2 -> 47.634606 | L14: =(J14-$B$23)^2 -> 17.904462 | M14: =(B14-$B$23)^2 -> 4.0588818 | N14: =(C14-$C$23)^2 -> 125.44 | O14: =(D14-$D$23)^2 -> 0.44444444 | P14: =(B14-I14)^2 -> 79.503071 | Q14: =(B14-J14)^2 -> 4.9137577 | R14: =(C14-$C$23) * (D14-$D$23) -> -7.4666667 | S14: =(B14-$B$23)*(C14-$C$23) -> -22.564267 | T14: =(B14-$B$23)*(D14-$D$23) -> 1.3431111 | U14: =$F$29+$F$30*C14+$F$31*D14 -> 172.06563 | V14: =(U14-B14)^2 -> 5.5430541 | W14: =(U14-$B$23)^2 -> 0.11539778
A15: 9 | B15: 175.45 | C15: 290 | D15: 24 | E15: =C15*B15 -> 50880.5 | F15: =D15*B15 -> 4210.8 | G15: =C15^2 -> 84100 | H15: =D15^2 -> 576 | I15: =$B$29+$B$28*C15 -> 155.64386 | J15: ='ДЗ-3'!$B$11+'ДЗ-3'!$B$10*'З-1. Данные'!D15 -> 176.6367 | K15: =(I15-$B$23)^2 -> 280.94696 | L15: =(J15-$B$23)^2 -> 17.904462 | M15: =(B15-$B$23)^2 -> 9.2699951 | N15: =(C15-$C$23)^2 -> 739.84 | O15: =(D15-$D$23)^2 -> 0.44444444 | P15: =(B15-I15)^2 -> 392.28315 | Q15: =(B15-J15)^2 -> 1.4082563 | R15: =(C15-$C$23) * (D15-$D$23) -> -18.133333 | S15: =(B15-$B$23)*(C15-$C$23) -> -82.814933 | T15: =(B15-$B$23)*(D15-$D$23) -> 2.0297778 | U15: =$F$29+$F$30*C15+$F$31*D15 -> 167.21985 | V15: =(U15-B15)^2 -> 67.735339 | W15: =(U15-$B$23)^2 -> 26.889218
A16: 10 | B16: 177.48 | C16: 348 | D16: 27 | E16: =C16*B16 -> 61763.04 | F16: =D16*B16 -> 4791.96 | G16: =C16^2 -> 121104 | H16: =D16^2 -> 729 | I16: =$B$29+$B$28*C16 -> 191.38524 | J16: ='ДЗ-3'!$B$11+'ДЗ-3'!$B$10*'З-1. Данные'!D16 -> 195.67785 | K16: =(I16-$B$23)^2 -> 360.2367 | L16: =(J16-$B$23)^2 -> 541.60997 | M16: =(B16-$B$23)^2 -> 25.752242 | N16: =(C16-$C$23)^2 -> 948.64 | O16: =(D16-$D$23)^2 -> 13.444444 | P16: =(B16-I16)^2 -> 193.35559 | Q16: =(B16-J16)^2 -> 331.16169 | R16: =(C16-$C$23) * (D16-$D$23) -> 112.93333 | S16: =(B16-$B$23)*(C16-$C$23) -> 156.29973 | T16: =(B16-$B$23)*(D16-$D$23) -> 18.607111 | U16: =$F$29+$F$30*C16+$F$31*D16 -> 198.52134 | V16: =(U16-B16)^2 -> 442.73813 | W16: =(U16-$B$23)^2 -> 682.04599
A17: 11 | B17: 190.62 | C17: 353 | D17: 22 | E17: =C17*B17 -> 67288.86 | F17: =D17*B17 -> 4193.64 | G17: =C17^2 -> 124609 | H17: =D17^2 -> 484 | I17: =$B$29+$B$28*C17 -> 194.46639 | J17: ='ДЗ-3'!$B$11+'ДЗ-3'!$B$10*'З-1. Данные'!D17 -> 163.9426 | K17: =(I17-$B$23)^2 -> 486.69018 | L17: =(J17-$B$23)^2 -> 71.617847 | M17: =(B17-$B$23)^2 -> 331.77408 | N17: =(C17-$C$23)^2 -> 1281.64 | O17: =(D17-$D$23)^2 -> 1.7777778 | P17: =(B17-I17)^2 -> 14.794708 | Q17: =(B17-J17)^2 -> 711.68364 | R17: =(C17-$C$23) * (D17-$D$23) -> -47.733333 | S17: =(B17-$B$23)*(C17-$C$23) -> 652.08507 | T17: =(B17-$B$23)*(D17-$D$23) -> -24.286222 | U17: =$F$29+$F$30*C17+$F$31*D17 -> 177.14308 | V17: =(U17-B17)^2 -> 181.62742 | W17: =(U17-$B$23)^2 -> 22.446227
A18: 12 | B18: 197.34 | C18: 299 | D18: 27 | E18: =C18*B18 -> 59004.66 | F18: =D18*B18 -> 5328.18 | G18: =C18^2 -> 89401 | H18: =D18^2 -> 729 | I18: =$B$29+$B$28*C18 -> 161.18994 | J18: ='ДЗ-3'!$B$11+'ДЗ-3'!$B$10*'З-1. Данные'!D18 -> 195.67785 | K18: =(I18-$B$23)^2 -> 125.78513 | L18: =(J18-$B$23)^2 -> 541.60997 | M18: =(B18-$B$23)^2 -> 621.7376 | N18: =(C18-$C$23)^2 -> 331.24 | O18: =(D18-$D$23)^2 -> 13.444444 | P18: =(B18-I18)^2 -> 1306.8271 | Q18: =(B18-J18)^2 -> 2.7627474 | R18: =(C18-$C$23) * (D18-$D$23) -> -66.733333 | S18: =(B18-$B$23)*(C18-$C$23) -> -453.81093 | T18: =(B18-$B$23)*(D18-$D$23) -> 91.427111 | U18: =$F$29+$F$30*C18+$F$31*D18 -> 183.68115 | V18: =(U18-B18)^2 -> 186.56431 | W18: =(U18-$B$23)^2 -> 127.14393
... A21: 15 | B21: 231.28 | C21: 392 | D21: 28 | E21: =C21*B21 -> 90661.76 | F21: =D21*B21 -> 6475.84 | G21: =C21^2 -> 153664 | H21: =D21^2 -> 784 | I21: =$B$29+$B$28*C21 -> 218.49938 | J21: ='ДЗ-3'!$B$11+'ДЗ-3'!$B$10*'З-1. Данные'!D21 -> 202.0249 | K21: =(I21-$B$23)^2 -> 2124.6614 | L21: =(J21-$B$23)^2 -> 877.31862 | M21: =(B21-$B$23)^2 -> 3466.2264 | N21: =(C21-$C$23)^2 -> 5595.04 | O21: =(D21-$D$23)^2 -> 21.777778 | P21: =(B21-I21)^2 -> 163.34418 | Q21: =(B21-J21)^2 -> 855.86098 | R21: =(C21-$C$23) * (D21-$D$23) -> 349.06667 | S21: =(B21-$B$23)*(C21-$C$23) -> 4403.8251 | T21: =(B21-$B$23)*(D21-$D$23) -> 274.74844 | U21: =$F$29+$F$30*C21+$F$31*D21 -> 216.42575 | V21: =(U21-B21)^2 -> 220.64874 | W21: =(U21-$B$23)^2 -> 1937.7971
A22: Сумма | B22: =SUM(B7:B21) -> 2586.08 | C22: =SUM(C7:C21) -> 4758 | D22: =SUM(D7:D21) -> 350 | E22: =SUM(E7:E21) -> 833728.79 | F22: =SUM(F7:F21) -> 61962.48 | G22: =SUM(G7:G21) -> 1531022 | H22: =SUM(H7:H21) -> 8422 | I22: - | J22: - | K22: =SUM(K7:K21) -> 8272.4115 | L22: =SUM(L7:L21) -> 10286.113 | M22: =SUM(M7:M21) -> 13726.233 | N22: =SUM(N7:N21) -> 21784.4 | O22: =SUM(O7:O21) -> 255.33333 | P22: =SUM(P7:P21) -> 5453.8215 | Q22: =SUM(Q7:Q21) -> 3440.1198 | R22: =SUM(R7:R21) -> 1491 | ... W22: =SUM(W7:W21) -> 11485.675
A23: Среднее | B23: =AVERAGE(B7:B21) -> 172.40533 | C23: =AVERAGE(C7:C21) -> 317.2 | D23: =AVERAGE(D7:D21) -> 23.333333 | E23: =AVERAGE(E7:E21) -> 55581.919 | F23: =AVERAGE(F7:F21) -> 4130.832 | G23: =AVERAGE(G7:G21) -> 102068.13 | H23: =AVERAGE(H7:H21) -> 561.46667 | I23: - | J23: - | K23: - | L23: - | M23: - | N23: - | O23: - | P23: -
A26: Для y и x1
A27: Задачи | B27: Парная линейная регрессия | C27: Интерпретация | E27: Множественная линейная регрессия
A28: b̂₁ | B28: =(E23 - B23*C23) / (G23-C23^2) -> 0.61623061 | C28: Направление связи положительное, при изменении объема промышленного производства на 1 млн руб., уровень розничного товарооборота изменится в ту же сторону на ~0.616 млн. руб | D28: - | F28: Коэффициенты
A29: b̂₀ | B29: =B23-B28*C23 -> -23.063015 | C29: Не имеет экономической интерпретации. Так как свободный член меньше нуля, то относительное изменение результата быстрее, чем изменение фактора | D29: - | E29: b̂₀ | F29: -30.494234
A30: Эx | B30: =B28*C23/B23 -> 1.133772 | C30: Если объем промышленного производства изменится на 1% от 317,2 млн руб., то розничный товарооборот изменится на ~1,13% от 172,4 млн руб | D30: - | E30: b̂₁ | F30: 0.30286119
A31: R̂² | B31: =K22/M22 -> 0.60267165 | C31: Означает, что вариация фактора (объема промышленного производства) на ~60% объясняет вариацию уровня розничного товарооборота | D31: - | E31: b̂₂ | F31: 4.5785142
A32: r̂² | B32: =SQRT(B31) -> 0.7763193 | C32: Следовательно, связь тесная | D32: -
A35: Для y и x2
A36: Задачи | B36: Парная линейная регрессия | C36: Интерпретация
A37: b̂₁ | B37: 5.923913 | C37: Направление связи положительное, при изменении среднедушевого денежного дохода на 1 млн руб, уровень розничного товарооборота изменится в ту же сторону на ~5,92 млн руб. | D37: -
A38: b̂₀ | B38: 34.180697 | C38: Не имеет экономической интерпретации. Так как свободный член больше нуля, то относительное изменение результата медленне, чем изменение фактора | D38: -
A39: Эx | B39: 0.80174223 | C39: Если среднедушевой денежный заработок изменится на 1% от 23,3 тыс. руб., то розничный товарооборот изменится на ~0,8% от 172,4 млн руб | D39: -
A40: R̂² | B40: 0.65278999 | C40: Означает, что вариация фактора (среднедушевого денежного заработка) на ~65% объясняет вариацию уровня розничного товарооборота | D40: -
A41: r̂² | B41: 0.8079542 | C41: Следовательно, связь тесная | D41: -

Sheet З-2. Множ. регрессия
A1: Статистические характеристики | B1: Значения
A2: ȳ | B2: ='З-1. Данные'!B23 -> 172.40533
A3: x̄₁ | B3: ='З-1. Данные'!C23 -> 317.2
A4: x̄₂ | B4: ='З-1. Данные'!D23 -> 23.333333
A5: σ²y | B5: ='З-1. Данные'!M22/(B20-1) -> 980.44521
A6: σ²x₁ | B6: ='З-1. Данные'!N22/(B20-1) -> 1556.0286
A7: σ²x₂ | B7: ='З-1. Данные'!O22/(B20-1) -> 18.238095
A8: σy | B8: =SQRT(B5) -> 31.312062
A9: σx₁ | B9: =SQRT(B6) -> 39.446528
A10: σx₂ | B10: =SQRT(B7) -> 4.2706083
A13: ВЫВОД ИТОГОВ
A15: Регрессионная статистика | C15: Выводы
A16: Множественный R | B16: 0.91475032 | C16: Характеризует очень тесную положительную связь между зависимой переменной уровня розничного товарообората и независимых факторов
A17: R-квадрат | B17: 0.83676815 | C17: Показывает, что вариация независимых факторов модели регрессии объяняют ~83% вариации уровня розничного товарооборота
A18: Нормированный R-квадрат | B18: 0.80956285 | C18: Скорревтированный коэф. Детерминации, будет важен для выбора лучшей модели, если мы сравниваем модели с разным числом объясняющих переменных
A19: Стандартная ошибка | B19: 13.664304 | C19: Средняя ошибка прогноза, то что мы минимизируем
A20: Наблюдения | B20: 15
A22: Дисперсионный анализ
B23: df | C23: SS | D23: MS | E23: F | F23: Значимость F | G23: Выводы
A24: Регрессия | B24: 2 | C24: 11485.675 | D24: 5742.8373 | E24: 30.757533 | F24: 1.8916002e-05 | G24: Значимость p-value (то есть F) крайне мала 0,0000189 по сравнению с уровнем значимости 0.05. Следовательно, отвергаем гипотезу H0 о незначимости коэф. Регрессии на уровне значимости 0.05. Они являются статистически значимыми
A25: Остаток | B25: 12 | C25: 2240.5584 | D25: 186.7132
A26: Итого | B26: 14 | C26: 13726.233
B28: Коэффициенты | C28: Стандартная ошибка | D28: t-статистика | E28: P-Значение | F28: Нижние 95% | G28: Верхние 95% | H28: Нижние 95,0% | I28: Верхние 95,0% | J28: Выводы
A29: Y-пересечение | B29: -30.494234 | C29: 29.631581 | D29: -1.0291126 | E29: 0.32372389 | F29: -95.055904 | G29: 34.067435 | H29: -95.055904 | I29: 34.067435 | J29: p-value = 0.32 > 0.05. Следовательно, свободные член статистически незначим на уровне значимости 0.05
A30: Объем промышленного производства (X) | B30: 0.30286119 | C30: 0.11948679 | D30: 2.5346835 | E30: 0.026193005 | F30: 0.042521841 | G30: 0.56320054 | H30: 0.042521841 | I30: 0.56320054 | J30: p-value = 0.03 < 0.05. Следовательно, коэф. Регрессии b̂₁ статистически значим
A31: Среднедушевой денежный доход | B31: 4.5785142 | C31: 1.1036692 | D31: 4.1484479 | E31: 0.0013503188 | F31: 2.1738256 | G31: 6.9832029 | H31: 2.1738256 | I31: 6.9832029 | J31: p-value = 0.0014 << 0.05. Следовательно, коэф регрессии b̂₂ статистически значим. Причем область риска настолько мала, что говорит о сильном влиянии на Y
A35: ВЫВОД ОСТАТКА
A37: Наблюдение | B37: Предсказанное Розничный товарооброт (Y) | C37: Остатки | D37: Стандартные остатки
A38: 1 | B38: 112.99019 | C38: 5.5698074 | D38: 0.44027707 | F38: =C38^2 -> 31.022754
A39: 2 | B39: 137.9316 | C39: -12.971599 | D39: -1.0253672 | F39: =C39^2 -> 168.26239
A40: 3 | B40: 130.05721 | C40: 4.1027916 | D40: 0.32431374 | F40: =C40^2 -> 16.832899
A41: 4 | B41: 154.3217 | C41: 0.71830012 | D41: 0.056779535 | F41: =C41^2 -> 0.51595506
A42: 5 | B42: 185.19545 | C42: -24.075451 | D42: -1.9030944 | F42: =C42^2 -> 579.62735
A43: 6 | B43: 172.2973 | C43: -7.1672992 | D43: -0.56655415 | F43: =C43^2 -> 51.370178
A44: 7 | B44: 177.7844 | C44: -7.784397 | D44: -0.61533393 | F44: =C44^2 -> 60.596837
A45: 8 | B45: 172.06563 | C45: 2.3543692 | D45: 0.18610603 | F45: =C45^2 -> 5.5430541
A46: 9 | B46: 167.21985 | C46: 8.2301482 | D46: 0.65056927 | F46: =C46^2 -> 67.735339
A47: 10 | B47: 198.52134 | C47: -21.041343 | D47: -1.663257 | F47: =C47^2 -> 442.73813
A48: 11 | B48: 177.14308 | C48: 13.476922 | D48: 1.0653115 | F48: =C48^2 -> 181.62742
A49: 12 | B49: 183.68115 | C49: 13.658855 | D49: 1.0796927 | F49: =C49^2 -> 186.56431
... A52: 15 | B52: 216.42575 | C52: 14.85425 | D52: 1.1741852 | F52: =C52^2 -> 220.64874
F53: =SUM(F38:F52) -> 2240.5584 | G53: =SQRT(F53/12) -> 13.664304
A56: Задачи | B56: Значения | C56: Интерпретация
A57: Уравнение регрессии | B57: y = -30.49 + 0.303x₁ + 4.579x₂ | C57: При изменении объема промышленного производства на 1 млн. руб уровень розничного товарооборота изменится в ту же сторону в среднем на 0.303 млн. руб при неизменном среднедушевом денежном заработке | D57: При изменении среднедушевого денежного заработка на 1 тыс. руб (1 млн. руб) уровень розничного товарооборота увеличится в среднем на 4.579 тыс. руб (4.579 млн. руб) при неимзенном объеме промышленного производства | E57: -
A58: Эx₁ | B58: =B30*B3/B2 -> 0.55721924 | C58: При изменении значения объема промышленного производсва на 1% от среднего уровень розничного товарооборота изменится на ~0.56% при неизменном среднедушевом денежном заработке | D58: -
A59: Эx₂ | B59: =B31*B4/B2 -> 0.619656 | C59: При изменении значения среднедушевого денежного заработка на 1% от среднего уровень розничного товарооборота изменится на ~0.62% при неимзенном объеме промышленного производства | D59: -
A60: β₁ | B60: =B30*B9/B8 -> 0.38154058 | C60: При изменении объема промышленного производства на 1 сигму от среднего, уровень розничного товарооборота увеличится на 0.38 сигм при неизменном объеме среднедушевого денежного заработка | D60: -
A61: β₂ | B61: =B31*B10/B8 -> 0.62445715 | C61: При изменении объема среднедушевого денежного заработка на 1 сигму от среднего, уровень розничного товарооборота увеличится на 0.62 сигмы при неизменном объеме промышленного производства | D61: -
A62: y(x₁=300, x₂=20) | B62: =B29+B30*300+B31*20 -> 151.93441 | C62: - | D62: -
A63: Э(x₁=300) | B63: =B30*300/B62 -> 0.59801041 | C63: При изменении значения объема промышленного производсва на 1% от 300 млн. руб уровень розничного товарооборота изменится на ~0.598% млн. руб при неизменном среднедушевом денежном заработке | D63: -
A64: Э(x₂=20) | B64: =B31*20/B62 -> 0.60269617 | C64: При изменении значения среднедушевого денежного заработка на 1% от 20 тыс. руб уровень розничного товарооборота изменится на ~0.6% тыс. руб при неимзенном объеме промышленного производства | D64: -
A73: ВЫВОД ИТОГОВ
A75: Регрессионная статистика
A76: Множественный R | B76: 0.91475032
A77: R-квадрат | B77: 0.83676815
A78: Нормированный R-квадрат | B78: 0.80956285
A79: Стандартная ошибка | B79: 13.664304
A80: Наблюдения | B80: 15
A82: Дисперсионный анализ
B83: df | C83: SS | D83: MS | E83: F | F83: Значимость F
A84: Регрессия | B84: 2 | C84: 11485.675 | D84: 5742.8373 | E84: 30.757533 | F84: 1.8916002e-05
A85: Остаток | B85: 12 | C85: 2240.5584 | D85: 186.7132
A86: Итого | B86: 14 | C86: 13726.233
B88: Коэффициенты | C88: Стандартная ошибка | D88: t-статистика | E88: P-Значение | F88: Нижние 95% | G88: Верхние 95% | H88: Нижние 95,0% | I88: Верхние 95,0%
A89: Y-пересечение | B89: -30.494234 | C89: 29.631581 | D89: -1.0291126 | E89: 0.32372389 | F89: -95.055904 | G89: 34.067435 | H89: -95.055904 | I89: 34.067435
A90: Объем промышленного производства (x₁) | B90: 0.30286119 | C90: 0.11948679 | D90: 2.5346835 | E90: 0.026193005 | F90: 0.042521841 | G90: 0.56320054 | H90: 0.042521841 | I90: 0.56320054
A91: Среднедушевой денежный доход (x₂) | B91: 4.5785142 | C91: 1.1036692 | D91: 4.1484479 | E91: 0.0013503188 | F91: 2.1738256 | G91: 6.9832029 | H91: 2.1738256 | I91: 6.9832029
A95: ВЫВОД ОСТАТКА
A97: Наблюдение | B97: Предсказанное Розничный товарооброт (y) | C97: Остатки
A98: 1 | B98: 112.99019 | C98: 5.5698074
A99: 2 | B99: 137.9316 | C99: -12.971599
A100: 3 | B100: 130.05721 | C100: 4.1027916
A101: 4 | B101: 154.3217 | C101: 0.71830012
A102: 5 | B102: 185.19545 | C102: -24.075451
A103: 6 | B103: 172.2973 | C103: -7.1672992
A104: 7 | B104: 177.7844 | C104: -7.784397
A105: 8 | B105: 172.06563 | C105: 2.3543692
A106: 9 | B106: 167.21985 | C106: 8.2301482
A107: 10 | B107: 198.52134 | C107: -21.041343
A108: 11 | B108: 177.14308 | C108: 13.476922
A109: 12 | B109: 183.68115 | C109: 13.658855
... A112: 15 | B112: 216.42575 | C112: 14.85425

Sheet З-3. Значимость параметров
A1: Входные данные | B1: Значения | D1: Задание
A2: n | B2: ='З-2. Множ. регрессия'!B20 -> 15 | D2: Оцените значимость коэффициента регрессии двумя способами с помощью LO Calk. Сделайте выводы.
A3: α | B3: 0.05 | D3: Оцените значимость свободного члена двумя способами с помощью LO Calk Сделайте выводы.
A5: - | B5: - | C5: - | D5: Через p-value (сравнение tфакт и tкрит) | G5: Через доверительный интервал | I5: Интерпретация
A6: Требуется оценить | B6: Значения | C6: se(*) | D6: tфакт. | E6: tкрит. | F6: p-value (%) | G6: Левая граница | H6: Правая граница | I6: 1 способ | J6: 2 способ
A7: b̂₁ | B7: ='З-1. Данные'!B28 -> 0.61623061 | C7: =SQRT('З-1. Данные'!P22/((B2-2) * 'З-1. Данные'!N22)) -> 0.13877332 | D7: =ABS(B7/C7) -> 4.4405553 | E7: =_xlfn.T.INV.2T($B$3, $B$2-2) -> 2.1603687 | F7: =_xlfn.T.DIST.2T(D7,$B$2-2) -> 0.00066607367 | G7: =B7-E7*C7 -> 0.31642907 | H7: =B7+E7*C7 -> 0.91603214 | I7: p-value < 5%, следовательно, отвергаем H0 о незначимости коэф регрессии. Иными словами, нет оснований отвергать гипотезу о значимости коэф регрессии на уровне значимости 0.05 (tфакт. > tкрит. Следовательно, отвергаем гипотезу H0 о незначимости коэф. регрессии) | J7: Истинное значение коэф. Регресси лежит в интервале [0,32; 0,92] с вероятностью ошибки 0.05
A8: b̂₀ | B8: ='З-1. Данные'!B29 -> -23.063015 | C8: =C7*SQRT('З-1. Данные'!G22/B2) -> 44.335444 | D8: =ABS(B8/C8) -> 0.52019361 | E8: =_xlfn.T.INV.2T($B$3, $B$2-2) -> 2.1603687 | F8: =_xlfn.T.DIST.2T(D8,$B$2-2) -> 0.61167325 | G8: =B8-E8*C8 -> -118.84392 | H8: =B8+E8*C8 -> 72.71789 | I8: p-value > 5%, следовательно, не отвергаем гипотезу H0 о незначимости свободного члена на уровне значимости 0,05 (tфакт. < tкрит. Следовательно, не отвергаем гипотезу H0 о незначимости свободного члена) | J8: Истинное значение коэф. Регресси лежит в интервале [-118,8; 72,7] с вероятностью ошибки 0.05. Как видно, интервал достаточно широкий

Sheet ДЗ-3
A1: Входные данные | B1: Значения | E1: Задание
A2: n | B2: 15 | E2: Найдите параметры уравнения линейной регрессии розничного товарооборота от среднедушевого денежного дохода. Сделайте выводы.
A3: (x2i*y).ср. | B3: ='З-1. Данные'!F23 -> 4130.832 | E3: Найдите коэффициент корреляции и детерминации. Сделайте выводы.
A4: ȳ | B4: ='З-1. Данные'!B23 -> 172.40533
A5: x̄2i | B5: ='З-1. Данные'!D23 -> 23.333333
A6: σx2 | B6: ='З-1. Данные'!O22/('ДЗ-3'!B2) -> 17.022222
A9: Задачи | B9: Парная линейная регрессия | C9: Интерпретация
A10: b̂₁ | B10: =(B3 - B5 * B4) / B6 -> 6.3470496 | C10: Направление связи положительное, при изменении среднедушевого денежного дохода на 1 млн руб, уровень розничного товарооборота изменится в ту же сторону на ~5,92 млн руб. | D10: -
A11: b̂₀ | B11: =B4-B10*B5 -> 24.307509 | C11: Не имеет экономической интерпретации. Так как свободный член больше нуля, то относительное изменение результата медленне, чем изменение фактора | D11: -
A12: Эx | B12: =B10*B5/B4 -> 0.85900953 | C12: Если среднедушевой денежный заработок изменится на 1% от 23,3 тыс. руб., то розничный товарооборот изменится на ~0,8% от 172,4 млн руб | D12: -
A13: R̂² | B13: ='З-1. Данные'!L22/'З-1. Данные'!M22 -> 0.74937627 | C13: Означает, что вариация фактора (среднедушевого денежного заработка) на ~65% объясняет вариацию уровня розничного товарооборота | D13: -
A14: r̂² | B14: =SQRT(B13) -> 0.86566522 | C14: Следовательно, связь тесная | D14: -

Sheet ДЗ-4
A1: Входные данные | B1: Значение | E1: Задание
A2: n | B2: 15 | E2: По данным домашнего задания 1 оцените значимость коэффициента регрессии и уравнения регрессии в целом. Сделайте выводы.
A3: α | B3: 0.05 | E3: H0 | F3: Уравнение регрессии незначимо (все коэф регрессии равны нулю)
A4: R̂² | B4: ='З-1. Данные'!B31 -> 0.60267165 | E4: H1 | F4: Уравнение регрессии значимо (хотя бы один коэф регрессии не равен нулю)
A8: Таблица дисперсионного анализа (для парной регрессии из задания 1)
A9: Источник информации | B9: df | C9: SS | D9: MS | E9: Fфакт. | I9: Fтабл. | J9: Интерпретация
A10: - | B10: - | C10: - | D10: - | E10: Msфакт/Msостат. | F10: Через R̂² | G10: t²b̂₂ | H10: Excel | I10: - | J10: Так как Fфакт. > Fкрит. , то отвергаем гипотезу H0 о незначимости уравнения регрессии на уровне значимости 0.05
A11: Регрессия | B11: 1 | C11: ='З-1. Данные'!K22 -> 8272.4115 | D11: =C11/B11 -> 8272.4115 | E11: =D11/D12 -> 19.718531 | F11: =(B4 / (1-B4)) * (B12 / B11) -> 19.718531 | G11: ='З-3. Значимость параметров'!D7^2 -> 19.718531 | H11: =E30 -> 19.718531 | I11: =_xlfn.F.INV.RT(B3,B11,B12) -> 4.6671927
A12: Случайное отклонение | B12: =B2-B11-1 -> 13 | C12: ='З-1. Данные'!P22 -> 5453.8215 | D12: =C12/B12 -> 419.52473
A13: Общая | B13: =B2-1 -> 14 | C13: ='З-1. Данные'!M22 -> 13726.233
A19: ВЫВОД ИТОГОВ
A21: Регрессионная статистика
A22: Множественный R | B22: 0.7763193
A23: R-квадрат | B23: 0.60267165
A24: Нормированный R-квадрат | B24: 0.57210793
A25: Стандартная ошибка | B25: 20.482303
A26: Наблюдения | B26: 15
A28: Дисперсионный анализ
B29: df | C29: SS | D29: MS | E29: F | F29: Значимость F
A30: Регрессия | B30: 1 | C30: 8272.4115 | D30: 8272.4115 | E30: 19.718531 | F30: 0.00066607367
A31: Остаток | B31: 13 | C31: 5453.8215 | D31: 419.52473
A32: Итого | B32: 14 | C32: 13726.233
B34: Коэффициенты | C34: Стандартная ошибка | D34: t-статистика | E34: P-Значение | F34: Нижние 95% | G34: Верхние 95% | H34: Нижние 95,0% | I34: Верхние 95,0%
A35: Y-пересечение | B35: -23.063015 | C35: 44.335444 | D35: -0.52019361 | E35: 0.61167325 | F35: -118.84392 | G35: 72.71789 | H35: -118.84392 | I35: 72.71789
A36: Объем промышленного производства (x₁) | B36: 0.61623061 | C36: 0.13877332 | D36: 4.4405553 | E36: 0.00066607367 | F36: 0.31642907 | G36: 0.91603214 | H36: 0.31642907 | I36: 0.91603214

Sheet З-5. Прогноз
A1: Входные данные | B1: Значения | E1: Задание
A2: n | B2: 15 | E2: Найти точечный прогноз и нижнюю и верхнюю границу интервального прогноза при x1,пр = 300
A3: α | B3: 0.05
A4: b̂₁ | B4: ='З-1. Данные'!B28 -> 0.61623061
A5: b̂₀ | B5: ='З-1. Данные'!B29 -> -23.063015
A6: x1,пр | B6: 300
A7: x̄₁ | B7: ='З-1. Данные'!C23 -> 317.2
A8: tкрит. | B8: =_xlfn.T.INV.2T($B$3, $B$2-2) -> 2.1603687
A10: Задачи | B10: Значения
A11: ŷпр | B11: =B5+B4*B6 -> 161.80617
A12: se(ŷпр) | B12: =SQRT('З-1. Данные'!K22 / (B2-2) * (1 + 1/B2 + (B6-B7)^2/('З-1. Данные'!N22))) -> 26.218385
A13: Левая граница | B13: =B11-B8*B12 -> 105.16479
A14: Правая граница | B14: =B11+B8*B12 -> 218.44754
A15: Интерпретация | B15: Если ожидается объем промышленного производства в 300 млн. рублей, то уровень розничного товараоборота в среднем составит 161,8 млн. руб. и с вероятностью 0.95 истинное значение уровня розничного товарооборота будет находится в интервале от 105,16 до 218,4

Sheet Лист5

Sheet З-6. Анализ нелинейных функций
B3: Данные | G3: Гипербола | Q3: Парабола | AA3: Степенная (наиболее точная модель) | AK3: Показательная | AU3: Полулогарифмическая
B4: Номер | C4: Розничный товарооброт (y) | D4: Объем промышленного производства (x₁) | E4: Среднедушевойденежный доход (x₂) | G4: Розничный товарооброт (y) | H4: z₂ = 1/x₂ | I4: ŷ | J4: MAPE | Q4: Розничный товарооброт (y) | R4: z₁ = x₂ | S4: z₂ = x₂² | T4: ŷ | U4: MAPE | AA4: Y = ln(y) | AB4: X = ln(x₂) | AC4: ln(ŷ) | AD4: ŷ | AE4: MAPE | AK4: Y = ln(y) | AL4: x₂ | AM4: ln(ŷ) | AN4: ŷ | AO4: MAPE | AU4: y | AV4: z₂=ln(x₂) | AW4: ŷ | AX4: MAPE
B5: 1 | C5: 118.56 | D5: 247 | E5: 15 | G5: =$C5 -> 118.56 | H5: =1/$E5 -> 0.066666667 | I5: =H48 -> 108.24311 | J5: =1/$B$19*SUM(ABS(($C5 - I5)/$C5)) -> 0.0058012187 | Q5: =$C5 -> 118.56 | R5: =$E5 -> 15 | S5: =R5^2 -> 225 | T5: =R48 -> 116.89588 | U5: =1/$B$19*SUM(ABS(($C5 - T5)/$C5)) -> 0.00093573727 | AA5: =LN($C5) -> 4.7754192 | AB5: =LN($E5) -> 2.7080502 | AC5: =AB48 -> 4.7715302 | AD5: =EXP(AC5) -> 118.09982 | AE5: =1/$B$19*SUM(ABS(($C5 - AD5)/$C5)) -> 0.00025876181 | AK5: =LN($C5) -> 4.7754192 | AL5: =$E5 -> 15 | AM5: =AL48 -> 4.8094965 | AN5: =EXP(AM5) -> 122.66984 | AO5: =1/$B$19*SUM(ABS(($C5 - AN5)/$C5)) -> 0.0023109755 | AU5: =$C5 -> 118.56 | AV5: =LN($E5) -> 2.7080502 | AW5: =AV48 -> 113.76015 | AX5: =1/$B$19*SUM(ABS(($C5 - AW5)/$C5)) -> 0.0026989691
B6: 2 | C6: 124.96 | D6: 284 | E6: 18 | G6: =$C6 -> 124.96 | H6: =1/$E6 -> 0.055555556 | I6: =H49 -> 140.29704 | J6: =1/$B$19*SUM(ABS(($C6 - I6)/$C6)) -> 0.0081823742 | Q6: =$C6 -> 124.96 | R6: =$E6 -> 18 | S6: =R6^2 -> 324 | T6: =R49 -> 138.50536 | U6: =1/$B$19*SUM(ABS(($C6 - T6)/$C6)) -> 0.007226505 | AA6: =LN($C6) -> 4.8279937 | AB6: =LN($E6) -> 2.8903718 | AC6: =AB49 -> 4.9270212 | AD6: =EXP(AC6) -> 137.96793 | AE6: =1/$B$19*SUM(ABS(($C6 - AD6)/$C6)) -> 0.0069397813 | AK6: =LN($C6) -> 4.8279937 | AL6: =$E6 -> 18 | AM6: =AL49 -> 4.9262167 | AN6: =EXP(AM6) -> 137.85697 | AO6: =1/$B$19*SUM(ABS(($C6 - AN6)/$C6)) -> 0.0068805865 | AU6: =$C6 -> 124.96 | AV6: =LN($E6) -> 2.8903718 | AW6: =AV49 -> 138.93706 | AX6: =1/$B$19*SUM(ABS(($C6 - AW6)/$C6)) -> 0.0074568179
B7: 3 | C7: 134.16 | D7: 258 | E7: 18 | G7: =$C7 -> 134.16 | H7: =1/$E7 -> 0.055555556 | I7: =H50 -> 140.29704 | J7: =1/$B$19*SUM(ABS(($C7 - I7)/$C7)) -> 0.0030496135 | Q7: =$C7 -> 134.16 | R7: =$E7 -> 18 | S7: =R7^2 -> 324 | T7: =R50 -> 138.50536 | U7: =1/$B$19*SUM(ABS(($C7 - T7)/$C7)) -> 0.0021592929 | AA7: =LN($C7) -> 4.8990331 | AB7: =LN($E7) -> 2.8903718 | AC7: =AB50 -> 4.9270212 | AD7: =EXP(AC7) -> 137.96793 | AE7: =1/$B$19*SUM(ABS(($C7 - AD7)/$C7)) -> 0.0018922312 | AK7: =LN($C7) -> 4.8990331 | AL7: =$E7 -> 18 | AM7: =AL50 -> 4.9262167 | AN7: =EXP(AM7) -> 137.85697 | AO7: =1/$B$19*SUM(ABS(($C7 - AN7)/$C7)) -> 0.0018370957 | AU7: =$C7 -> 134.16 | AV7: =LN($E7) -> 2.8903718 | AW7: =AV50 -> 138.93706 | AX7: =1/$B$19*SUM(ABS(($C7 - AW7)/$C7)) -> 0.0023738121
B8: 4 | C8: 155.04 | D8: 323 | E8: 19 | G8: =$C8 -> 155.04 | H8: =1/$E8 -> 0.052631579 | I8: =H51 -> 148.73229 | J8: =1/$B$19*SUM(ABS(($C8 - I8)/$C8)) -> 0.0027122949 | Q8: =$C8 -> 155.04 | R8: =$E8 -> 19 | S8: =R8^2 -> 361 | T8: =R51 -> 145.41458 | U8: =1/$B$19*SUM(ABS(($C8 - T8)/$C8)) -> 0.0041388975 | AA8: =LN($C8) -> 5.0436831 | AB8: =LN($E8) -> 2.944439 | AC8: =AB51 -> 4.9731319 | AD8: =EXP(AC8) -> 144.47867 | AE8: =1/$B$19*SUM(ABS(($C8 - AD8)/$C8)) -> 0.004541334 | AK8: =LN($C8) -> 5.0436831 | AL8: =$E8 -> 19 | AM8: =AL51 -> 4.9651234 | AN8: =EXP(AM8) -> 143.32624 | AO8: =1/$B$19*SUM(ABS(($C8 - AN8)/$C8)) -> 0.0050368759 | AU8: =$C8 -> 155.04 | AV8: =LN($E8) -> 2.944439 | AW8: =AV51 -> 146.40324 | AX8: =1/$B$19*SUM(ABS(($C8 - AW8)/$C8)) -> 0.0037137778
B9: 5 | C9: 161.12 | D9: 304 | E9: 27 | G9: =$C9 -> 161.12 | H9: =1/$E9 -> 0.037037037 | I9: =H52 -> 193.72026 | J9: =1/$B$19*SUM(ABS(($C9 - I9)/$C9)) -> 0.013489018 | Q9: =$C9 -> 161.12 | R9: =$E9 -> 27 | S9: =R9^2 -> 729 | T9: =R52 -> 195.39742 | U9: =1/$B$19*SUM(ABS(($C9 - T9)/$C9)) -> 0.014182976 | AA9: =LN($C9) -> 5.0821494 | AB9: =LN($E9) -> 3.2958369 | AC9: =AB52 -> 5.272818 | AD9: =EXP(AC9) -> 194.96459 | AE9: =1/$B$19*SUM(ABS(($C9 - AD9)/$C9)) -> 0.014003887 | AK9: =LN($C9) -> 5.0821494 | AL9: =$E9 -> 27 | AM9: =AL52 -> 5.2763773 | AN9: =EXP(AM9) -> 195.65977 | AO9: =1/$B$19*SUM(ABS(($C9 - AN9)/$C9)) -> 0.014291532 | AU9: =$C9 -> 161.12 | AV9: =LN($E9) -> 3.2958369 | AW9: =AV52 -> 194.92801 | AX9: =1/$B$19*SUM(ABS(($C9 - AW9)/$C9)) -> 0.013988749
B10: 6 | C10: 165.13 | D10: 337 | E10: 22 | G10: =$C10 -> 165.13 | H10: =1/$E10 -> 0.045454545 | I10: =H53 -> 169.43698 | J10: =1/$B$19*SUM(ABS(($C10 - I10)/$C10)) -> 0.0017388232 | Q10: =$C10 -> 165.13 | R10: =$E10 -> 22 | S10: =R10^2 -> 484 | T10: =R53 -> 165.26042 | U10: =1/$B$19*SUM(ABS(($C10 - T10)/$C10)) -> 5.2652492e-05 | AA10: =LN($C10) -> 5.106733 | AB10: =LN($E10) -> 3.0910425 | AC10: =AB53 -> 5.0981612 | AD10: =EXP(AC10) -> 163.72058 | AE10: =1/$B$19*SUM(ABS(($C10 - AD10)/$C10)) -> 0.00056901603 | AK10: =LN($C10) -> 5.106733 | AL10: =$E10 -> 22 | AM10: =AL53 -> 5.0818436 | AN10: =EXP(AM10) -> 161.07074 | AO10: =1/$B$19*SUM(ABS(($C10 - AN10)/$C10)) -> 0.0016388143 | AU10: =$C10 -> 165.13 | AV10: =LN($E10) -> 3.0910425 | AW10: =AV53 -> 166.64781 | AX10: =1/$B$19*SUM(ABS(($C10 - AW10)/$C10)) -> 0.0006127739
B11: 7 | C11: 170 | D11: 340 | E11: 23 | G11: =$C11 -> 170 | H11: =1/$E11 -> 0.043478261 | I11: =H54 -> 175.13827 | J11: =1/$B$19*SUM(ABS(($C11 - I11)/$C11)) -> 0.0020150079 | Q11: =$C11 -> 170 | R11: =$E11 -> 23 | S11: =R11^2 -> 529 | T11: =R54 -> 171.58176 | U11: =1/$B$19*SUM(ABS(($C11 - T11)/$C11)) -> 0.00062029689 | AA11: =LN($C11) -> 5.1357984 | AB11: =LN($E11) -> 3.1354942 | AC11: =AB54 -> 5.1360714 | AD11: =EXP(AC11) -> 170.04641 | AE11: =1/$B$19*SUM(ABS(($C11 - AD11)/$C11)) -> 1.8199668e-05 | AK11: =LN($C11) -> 5.1357984 | AL11: =$E11 -> 23 | AM11: =AL54 -> 5.1207504 | AN11: =EXP(AM11) -> 167.46098 | AO11: =1/$B$19*SUM(ABS(($C11 - AN11)/$C11)) -> 0.00099569385 | AU11: =$C11 -> 170 | AV11: =LN($E11) -> 3.1354942 | AW11: =AV54 -> 172.78618 | AX11: =1/$B$19*SUM(ABS(($C11 - AW11)/$C11)) -> 0.0010926212
B12: 8 | C12: 174.42 | D12: 306 | E12: 24 | G12: =$C12 -> 174.42 | H12: =1/$E12 -> 0.041666667 | I12: =H55 -> 180.36445 | J12: =1/$B$19*SUM(ABS(($C12 - I12)/$C12)) -> 0.0022720843 | Q12: =$C12 -> 174.42 | R12: =$E12 -> 24 | S12: =R12^2 -> 576 | T12: =R55 -> 177.75613 | U12: =1/$B$19*SUM(ABS(($C12 - T12)/$C12)) -> 0.0012751315 | AA12: =LN($C12) -> 5.1614662 | AB12: =LN($E12) -> 3.1780538 | AC12: =AB55 -> 5.1723679 | AD12: =EXP(AC12) -> 176.33188 | AE12: =1/$B$19*SUM(ABS(($C12 - AD12)/$C12)) -> 0.0007307586 | AK12: =LN($C12) -> 5.1614662 | AL12: =$E12 -> 24 | AM12: =AL55 -> 5.1596571 | AN12: =EXP(AM12) -> 174.10475 | AO12: =1/$B$19*SUM(ABS(($C12 - AN12)/$C12)) -> 0.00012049616 | AU12: =$C12 -> 174.42 | AV12: =LN($E12) -> 3.1780538 | AW12: =AV55 -> 178.66327 | AX12: =1/$B$19*SUM(ABS(($C12 - AW12)/$C12)) -> 0.001621859
B13: 9 | C13: 175.45 | D13: 290 | E13: 24 | G13: =$C13 -> 175.45 | H13: =1/$E13 -> 0.041666667 | I13: =H56 -> 180.36445 | J13: =1/$B$19*SUM(ABS(($C13 - I13)/$C13)) -> 0.0018673712 | Q13: =$C13 -> 175.45 | R13: =$E13 -> 24 | S13: =R13^2 -> 576 | T13: =R56 -> 177.75613 | U13: =1/$B$19*SUM(ABS(($C13 - T13)/$C13)) -> 0.00087627118 | AA13: =LN($C13) -> 5.1673541 | AB13: =LN($E13) -> 3.1780538 | AC13: =AB56 -> 5.1723679 | AD13: =EXP(AC13) -> 176.33188 | AE13: =1/$B$19*SUM(ABS(($C13 - AD13)/$C13)) -> 0.00033509404 | AK13: =LN($C13) -> 5.1673541 | AL13: =$E13 -> 24 | AM13: =AL56 -> 5.1596571 | AN13: =EXP(AM13) -> 174.10475 | AO13: =1/$B$19*SUM(ABS(($C13 - AN13)/$C13)) -> 0.00051116333 | AU13: =$C13 -> 175.45 | AV13: =LN($E13) -> 3.1780538 | AW13: =AV56 -> 178.66327 | AX13: =1/$B$19*SUM(ABS(($C13 - AW13)/$C13)) -> 0.0012209631
B14: 10 | C14: 177.48 | D14: 348 | E14: 27 | G14: =$C14 -> 177.48 | H14: =1/$E14 -> 0.037037037 | I14: =H57 -> 193.72026 | J14: =1/$B$19*SUM(ABS(($C14 - I14)/$C14)) -> 0.0061003148 | Q14: =$C14 -> 177.48 | R14: =$E14 -> 27 | S14: =R14^2 -> 729 | T14: =R57 -> 195.39742 | U14: =1/$B$19*SUM(ABS(($C14 - T14)/$C14)) -> 0.0067303043 | AA14: =LN($C14) -> 5.1788579 | AB14: =LN($E14) -> 3.2958369 | AC14: =AB57 -> 5.272818 | AD14: =EXP(AC14) -> 194.96459 | AE14: =1/$B$19*SUM(ABS(($C14 - AD14)/$C14)) -> 0.0065677233 | AK14: =LN($C14) -> 5.1788579 | AL14: =$E14 -> 27 | AM14: =AL57 -> 5.2763773 | AN14: =EXP(AM14) -> 195.65977 | AO14: =1/$B$19*SUM(ABS(($C14 - AN14)/$C14)) -> 0.0068288537 | AU14: =$C14 -> 177.48 | AV14: =LN($E14) -> 3.2958369 | AW14: =AV57 -> 194.92801 | AX14: =1/$B$19*SUM(ABS(($C14 - AW14)/$C14)) -> 0.0065539809
B15: 11 | C15: 190.62 | D15: 353 | E15: 22 | G15: =$C15 -> 190.62 | H15: =1/$E15 -> 0.045454545 | I15: =H58 -> 169.43698 | J15: =1/$B$19*SUM(ABS(($C15 - I15)/$C15)) -> 0.0074084642 | Q15: =$C15 -> 190.62 | R15: =$E15 -> 22 | S15: =R15^2 -> 484 | T15: =R58 -> 165.26042 | U15: =1/$B$19*SUM(ABS(($C15 - T15)/$C15)) -> 0.0088691576 | AA15: =LN($C15) -> 5.2502819 | AB15: =LN($E15) -> 3.0910425 | AC15: =AB58 -> 5.0981612 | AD15: =EXP(AC15) -> 163.72058 | AE15: =1/$B$19*SUM(ABS(($C15 - AD15)/$C15)) -> 0.0094076957 | AK15: =LN($C15) -> 5.2502819 | AL15: =$E15 -> 22 | AM15: =AL58 -> 5.0818436 | AN15: =EXP(AM15) -> 161.07074 | AO15: =1/$B$19*SUM(ABS(($C15 - AN15)/$C15)) -> 0.010334439 | AU15: =$C15 -> 190.62 | AV15: =LN($E15) -> 3.0910425 | AW15: =AV58 -> 166.64781 | AX15: =1/$B$19*SUM(ABS(($C15 - AW15)/$C15)) -> 0.0083839365
B16: 12 | C16: 197.34 | D16: 299 | E16: 27 | G16: =$C16 -> 197.34 | H16: =1/$E16 -> 0.037037037 | I16: =H59 -> 193.72026 | J16: =1/$B$19*SUM(ABS(($C16 - I16)/$C16)) -> 0.0012228444 | Q16: =$C16 -> 197.34 | R16: =$E16 -> 27 | S16: =R16^2 -> 729 | T16: =R59 -> 195.39742 | U16: =1/$B$19*SUM(ABS(($C16 - T16)/$C16)) -> 0.00065625613 | AA16: =LN($C16) -> 5.2849281 | AB16: =LN($E16) -> 3.2958369 | AC16: =AB59 -> 5.272818 | AD16: =EXP(AC16) -> 194.96459 | AE16: =1/$B$19*SUM(ABS(($C16 - AD16)/$C16)) -> 0.00080247526 | AK16: =LN($C16) -> 5.2849281 | AL16: =$E16 -> 27 | AM16: =AL59 -> 5.2763773 | AN16: =EXP(AM16) -> 195.65977 | AO16: =1/$B$19*SUM(ABS(($C16 - AN16)/$C16)) -> 0.00056762467 | AU16: =$C16 -> 197.34 | AV16: =LN($E16) -> 3.2958369 | AW16: =AV59 -> 194.92801 | AX16: =1/$B$19*SUM(ABS(($C16 - AW16)/$C16)) -> 0.00081483462
... B19: 15 | C19: 231.28 | D19: 392 | E19: 28 | G19: =$C19 -> 231.28 | H19: =1/$E19 -> 0.035714286 | I19: =H62 -> 197.5362 | J19: =1/$B$19*SUM(ABS(($C19 - I19)/$C19)) -> 0.0097266799 | Q19: =$C19 -> 231.28 | R19: =$E19 -> 28 | S19: =R19^2 -> 784 | T19: =R62 -> 200.98391 | U19: =1/$B$19*SUM(ABS(($C19 - T19)/$C19)) -> 0.0087328761 | AA19: =LN($C19) -> 5.4436291 | AB19: =LN($E19) -> 3.3322045 | AC19: =AB62 -> 5.3038337 | AD19: =EXP(AC19) -> 201.10632 | AE19: =1/$B$19*SUM(ABS(($C19 - AD19)/$C19)) -> 0.0086975894 | AK19: =LN($C19) -> 5.4436291 | AL19: =$E19 -> 28 | AM19: =AL62 -> 5.315284 | AN19: =EXP(AM19) -> 203.42228 | AO19: =1/$B$19*SUM(ABS(($C19 - AN19)/$C19)) -> 0.0080300114 | AU19: =$C19 -> 231.28 | AV19: =LN($E19) -> 3.3322045 | AW19: =AV62 -> 199.95004 | AX19: =1/$B$19*SUM(ABS(($C19 - AW19)/$C19)) -> 0.0090308888
B20: Сумма | C20: =SUM(C5:C19) -> 2586.08 | D20: =SUM(D5:D19) -> 4758 | E20: =SUM(E5:E19) -> 350 | G20: =SUM(G5:G19) -> 2586.08 | H20: =SUM(H5:H19) -> 0.66638401 | I20: =SUM(I5:I19) -> 2586.08 | J20: =SUM(J5:J19) -> 0.070591413 | Q20: =SUM(Q5:Q19) -> 2586.08 | R20: =SUM(R5:R19) -> 350 | S20: =SUM(S5:S19) -> 8422 | T20: =SUM(T5:T19) -> 2586.08 | U20: =SUM(U5:U19) -> 0.059221882 | AA20: =SUM(AA5:AA19) -> 77.005789 | AB20: =SUM(AB5:AB19) -> 46.991044 | AC20: =SUM(AC5:AC19) -> 77.005789 | AD20: =SUM(AD5:AD19) -> 2576.8784 | AE20: =SUM(AE5:AE19) -> 0.057450547 | AK20: =SUM(AK5:AK19) -> 77.005789 | AL20: =SUM(AL5:AL19) -> 350 | AM20: =SUM(AM5:AM19) -> 77.005789 | AN20: =SUM(AN5:AN19) -> 2576.7681 | AO20: =SUM(AO5:AO19) -> 0.060658939 | AU20: =SUM(AU5:AU19) -> 2586.08 | AV20: =SUM(AV5:AV19) -> 46.991044 | AW20: =SUM(AW5:AW19) -> 2586.08 | AX20: =SUM(AX5:AX19) -> 0.063001154
B21: Среднее | C21: =AVERAGE(C5:C19) -> 172.40533 | D21: =AVERAGE(D5:D19) -> 317.2 | E21: =AVERAGE(E5:E19) -> 23.333333 | G21: =AVERAGE(G5:G19) -> 172.40533 | H21: =AVERAGE(H5:H19) -> 0.044425601 | I21: =AVERAGE(I5:I19) -> 172.40533 | J21: =AVERAGE(J5:J19) -> 0.0047060942 | Q21: =AVERAGE(Q5:Q19) -> 172.40533 | R21: =AVERAGE(R5:R19) -> 23.333333 | S21: =AVERAGE(S5:S19) -> 561.46667 | T21: =AVERAGE(T5:T19) -> 172.40533 | U21: =AVERAGE(U5:U19) -> 0.0039481254 | AA21: =AVERAGE(AA5:AA19) -> 5.1337193 | AB21: =AVERAGE(AB5:AB19) -> 3.1327362 | AC21: =AVERAGE(AC5:AC19) -> 5.1337193 | AD21: =AVERAGE(AD5:AD19) -> 171.79189 | AE21: =AVERAGE(AE5:AE19) -> 0.0038300364 | AK21: =AVERAGE(AK5:AK19) -> 5.1337193 | AL21: =AVERAGE(AL5:AL19) -> 23.333333 | AM21: =AVERAGE(AM5:AM19) -> 5.1337193 | AN21: =AVERAGE(AN5:AN19) -> 171.78454 | AO21: =AVERAGE(AO5:AO19) -> 0.0040439292 | AU21: =AVERAGE(AU5:AU19) -> 172.40533 | AV21: =AVERAGE(AV5:AV19) -> 3.1327362 | AW21: =AVERAGE(AW5:AW19) -> 172.40533 | AX21: =AVERAGE(AX5:AX19) -> 0.004200077
G24: ВЫВОД ИТОГОВ | Q24: ВЫВОД ИТОГОВ | AA24: ВЫВОД ИТОГОВ | AK24: ВЫВОД ИТОГОВ | AU24: ВЫВОД ИТОГОВ
G26: Регрессионная статистика | Q26: Регрессионная статистика | AA26: Регрессионная статистика | AK26: Регрессионная статистика | AU26: Регрессионная статистика
G27: Множественный R | H27: 0.85985651 | Q27: Множественный R | R27: 0.86643302 | AA27: Множественный R | AB27: 0.88844811 | AK27: Множественный R | AL27: 0.88130079 | AU27: Множественный R | AV27: 0.86617909
G28: R-квадрат | H28: 0.73935322 | Q28: R-квадрат | R28: 0.75070618 | AA28: R-квадрат | AB28: 0.78934005 | AK28: R-квадрат | AL28: 0.77669108 | AU28: R-квадрат | AV28: 0.75026621
G29: Нормированный R-квадрат | H29: 0.71930347 | Q29: Нормированный R-квадрат | R29: 0.70915721 | AA29: Нормированный R-квадрат | AB29: 0.77313543 | AK29: Нормированный R-квадрат | AL29: 0.75951347 | AU29: Нормированный R-квадрат | AV29: 0.73105592
G30: Стандартная ошибка | H30: 16.589381 | Q30: Стандартная ошибка | R30: 16.886546 | AA30: Стандартная ошибка | AB30: 0.089799451 | AK30: Стандартная ошибка | AL30: 0.092456133 | AU30: Стандартная ошибка | AV30: 16.238378
G31: Наблюдения | H31: 15 | Q31: Наблюдения | R31: 15 | AA31: Наблюдения | AB31: 15 | AK31: Наблюдения | AL31: 15 | AU31: Наблюдения | AV31: 15
G33: Дисперсионный анализ | Q33: Дисперсионный анализ | AA33: Дисперсионный анализ | AK33: Дисперсионный анализ | AU33: Дисперсионный анализ
H34: df | I34: SS | J34: MS | K34: F | L34: Значимость F | R34: df | S34: SS | T34: MS | U34: F | V34: Значимость F | AB34: df | AC34: SS | AD34: MS | AE34: F | AF34: Значимость F | AL34: df | AM34: SS | AN34: MS | AO34: F | AP34: Значимость F | AV34: df | AW34: SS | AX34: MS | AY34: F | AZ34: Значимость F
G35: Регрессия | H35: 1 | I35: 10148.535 | J35: 10148.535 | K35: 36.875928 | L35: 3.9519017e-05 | Q35: Регрессия | R35: 2 | S35: 10304.368 | T35: 5152.184 | U35: 18.067985 | V35: 0.00024003196 | AA35: Регрессия | AB35: 1 | AC35: 0.39280125 | AD35: 0.39280125 | AE35: 48.710827 | AF35: 9.6344177e-06 | AK35: Регрессия | AL35: 1 | AM35: 0.38650672 | AN35: 0.38650672 | AO35: 45.215318 | AP35: 1.4170513e-05 | AU35: Регрессия | AV35: 1 | AW35: 10298.329 | AX35: 10298.329 | AY35: 39.055431 | AZ35: 2.9744495e-05
G36: Остаток | H36: 13 | I36: 3577.6984 | J36: 275.20757 | Q36: Остаток | R36: 12 | S36: 3421.865 | T36: 285.15542 | AA36: Остаток | AB36: 13 | AC36: 0.10483124 | AD36: 0.0080639414 | AK36: Остаток | AL36: 13 | AM36: 0.11112578 | AN36: 0.0085481366 | AU36: Остаток | AV36: 13 | AW36: 3427.9042 | AX36: 263.68494
G37: Итого | H37: 14 | I37: 13726.233 | Q37: Итого | R37: 14 | S37: 13726.233 | AA37: Итого | AB37: 14 | AC37: 0.49763249 | AK37: Итого | AL37: 14 | AM37: 0.49763249 | AU37: Итого | AV37: 14 | AW37: 13726.233
H39: Коэффициенты | I39: Стандартная ошибка | J39: t-статистика | K39: P-Значение | L39: Нижние 95% | M39: Верхние 95% | N39: Нижние 95,0% | O39: Верхние 95,0% | R39: Коэффициенты | S39: Стандартная ошибка | T39: t-статистика | U39: P-Значение | V39: Нижние 95% | W39: Верхние 95% | X39: Нижние 95,0% | Y39: Верхние 95,0% | AB39: Коэффициенты | AC39: Стандартная ошибка | AD39: t-статистика | AE39: P-Значение | AF39: Нижние 95% | AG39: Верхние 95% | AH39: Нижние 95,0% | AI39: Верхние 95,0% | AL39: Коэффициенты | AM39: Стандартная ошибка | AN39: t-статистика | AO39: P-Значение | AP39: Нижние 95% | AQ39: Верхние 95% | AR39: Нижние 95,0% | AS39: Верхние 95,0% | AV39: Коэффициенты | AW39: Стандартная ошибка | AX39: t-статистика | AY39: P-Значение | AZ39: Нижние 95% | BA39: Верхние 95% | BB39: Нижние 95,0% | BC39: Верхние 95,0%
G40: Y-пересечение | H40: 300.56669 | I40: 21.53529 | J40: 13.956937 | K40: 3.347558e-09 | L40: 254.04252 | M40: 347.09086 | N40: 254.04252 | O40: 347.09086 | Q40: Y-пересечение | R40: -10.992429 | S40: 141.74646 | T40: -0.077549937 | U40: 0.93946413 | V40: -319.83142 | W40: 297.84657 | X40: -319.83142 | Y40: 297.84657 | AA40: Y-пересечение | AB40: 2.4619975 | AC40: 0.3835073 | AD40: 6.4196888 | AE40: 2.2719577e-05 | AF40: 1.6334804 | AG40: 3.2905147 | AH40: 1.6334804 | AI40: 3.2905147 | AK40: Y-пересечение | AL40: 4.2258955 | AM40: 0.13710205 | AN40: 30.822992 | AO40: 1.5348813e-13 | AP40: 3.9297045 | AQ40: 4.5220865 | AR40: 3.9297045 | AS40: 4.5220865 | AU40: Y-пересечение | AV40: -260.19631 | AW40: 69.349386 | AX40: -3.7519628 | AY40: 0.0024184277 | AZ40: -410.01655 | BA40: -110.37608 | BB40: -410.01655 | BC40: -110.37608
G41: z₂ = 1/x₂ | H41: -2884.8537 | I41: 475.0642 | J41: -6.0725553 | K41: 3.9519017e-05 | L41: -3911.1675 | M41: -1858.5398 | N41: -3911.1675 | O41: -1858.5398 | Q41: z₁ = x₂ | R41: 9.6281616 | S41: 13.011032 | T41: 0.73999983 | U41: 0.47352981 | V41: -18.720442 | W41: 37.976765 | X41: -18.720442 | Y41: 37.976765 | AA41: X = ln(x₂) | AB41: 0.85283967 | AC41: 0.12219534 | AD41: 6.9793142 | AE41: 9.6344177e-06 | AF41: 0.58885269 | AG41: 1.1168267 | AH41: 0.58885269 | AI41: 1.1168267 | AK41: x₂ | AL41: 0.038906733 | AM41: 0.0057860471 | AN41: 6.7242337 | AO41: 1.4170513e-05 | AP41: 0.026406738 | AQ41: 0.051406728 | AR41: 0.026406738 | AS41: 0.051406728 | AU41: z₂=ln(x₂) | AV41: 138.09067 | AW41: 22.096507 | AX41: 6.2494345 | AY41: 2.9744495e-05 | AZ41: 90.35407 | BA41: 185.82727 | BB41: 90.35407 | BC41: 185.82727
Q42: z₂ = x₂² | R42: -0.073484936 | S42: 0.29043686 | T42: -0.25301518 | U42: 0.80453884 | V42: -0.7062925 | W42: 0.55932263 | X42: -0.7062925 | Y42: 0.55932263
G45: ВЫВОД ОСТАТКА | AA45: ВЫВОД ОСТАТКА | AK45: ВЫВОД ОСТАТКА | AU45: ВЫВОД ОСТАТКА
Q46: ВЫВОД ОСТАТКА
G47: Наблюдение | H47: Предсказанное Розничный товарооброт (y) | I47: Остатки | Q47: Наблюдение | R47: Предсказанное Розничный товарооброт (y) | S47: Остатки | AA47: Наблюдение | AB47: Предсказанное Y = ln(y) | AC47: Остатки | AK47: Наблюдение | AL47: Предсказанное Y = ln(y) | AM47: Остатки | AU47: Наблюдение | AV47: Предсказанное y | AW47: Остатки
G48: 1 | H48: 108.24311 | I48: 10.316887 | Q48: 1 | R48: 116.89588 | S48: 1.6641152 | AA48: 1 | AB48: 4.7715302 | AC48: 0.0038889794 | AK48: 1 | AL48: 4.8094965 | AM48: -0.034077347 | AU48: 1 | AV48: 113.76015 | AW48: 4.7998466
G49: 2 | H49: 140.29704 | I49: -15.337042 | Q49: 2 | R49: 138.50536 | S49: -13.545361 | AA49: 2 | AB49: 4.9270212 | AC49: -0.099027552 | AK49: 2 | AL49: 4.9262167 | AM49: -0.098223022 | AU49: 2 | AV49: 138.93706 | AW49: -13.977059
G50: 3 | H50: 140.29704 | I50: -6.1370423 | Q50: 3 | R50: 138.50536 | S50: -4.345361 | AA50: 3 | AB50: 4.9270212 | AC50: -0.027988121 | AK50: 3 | AL50: 4.9262167 | AM50: -0.02718359 | AU50: 3 | AV50: 138.93706 | AW50: -4.7770594
G51: 4 | H51: 148.73229 | I51: 6.3077131 | Q51: 4 | R51: 145.41458 | S51: 9.6254201 | AA51: 4 | AB51: 4.9731319 | AC51: 0.070551238 | AK51: 4 | AL51: 4.9651234 | AM51: 0.078559707 | AU51: 4 | AV51: 146.40324 | AW51: 8.6367617
G52: 5 | H52: 193.72026 | I52: -32.600258 | Q52: 5 | R52: 195.39742 | S52: -34.277416 | AA52: 5 | AB52: 5.272818 | AC52: -0.19066854 | AK52: 5 | AL52: 5.2763773 | AM52: -0.19422788 | AU52: 5 | AV52: 194.92801 | AW52: -33.808008
G53: 6 | H53: 169.43698 | I53: -4.3069782 | Q53: 6 | R53: 165.26042 | S53: -0.13041759 | AA53: 6 | AB53: 5.0981612 | AC53: 0.0085718742 | AK53: 6 | AL53: 5.0818436 | AM53: 0.024889403 | AU53: 6 | AV53: 166.64781 | AW53: -1.5178103
G54: 7 | H54: 175.13827 | I54: -5.13827 | Q54: 7 | R54: 171.58176 | S54: -1.5817571 | AA54: 7 | AB54: 5.1360714 | AC54: -0.00027295776 | AK54: 7 | AL54: 5.1207504 | AM54: 0.015048064 | AU54: 7 | AV54: 172.78618 | AW54: -2.786184
G55: 8 | H55: 180.36445 | I55: -5.9444542 | Q55: 8 | R55: 177.75613 | S55: -3.3361267 | AA55: 8 | AB55: 5.1723679 | AC55: -0.010901739 | AK55: 8 | AL55: 5.1596571 | AM55: 0.0018090778 | AU55: 8 | AV55: 178.66327 | AW55: -4.2432697
G56: 9 | H56: 180.36445 | I56: -4.9144542 | Q56: 9 | R56: 177.75613 | S56: -2.3061267 | AA56: 9 | AB56: 5.1723679 | AC56: -0.0050138203 | AK56: 9 | AL56: 5.1596571 | AM56: 0.007696996 | AU56: 9 | AV56: 178.66327 | AW56: -3.2132697
G57: 10 | H57: 193.72026 | I57: -16.240258 | Q57: 10 | R57: 195.39742 | S57: -17.917416 | AA57: 10 | AB57: 5.272818 | AC57: -0.093960041 | AK57: 10 | AL57: 5.2763773 | AM57: -0.097519379 | AU57: 10 | AV57: 194.92801 | AW57: -17.448008
G58: 11 | H58: 169.43698 | I58: 21.183022 | Q58: 11 | R58: 165.26042 | S58: 25.359582 | AA58: 11 | AB58: 5.0981612 | AC58: 0.15212075 | AK58: 11 | AL58: 5.0818436 | AM58: 0.16843828 | AU58: 11 | AV58: 166.64781 | AW58: 23.97219
G59: 12 | H59: 193.72026 | I59: 3.6197418 | Q59: 12 | R59: 195.39742 | S59: 1.9425838 | AA59: 12 | AB59: 5.272818 | AC59: 0.012110162 | AK59: 12 | AL59: 5.2763773 | AM59: 0.0085508243 | AU59: 12 | AV59: 194.92801 | AW59: 2.4119919
... G62: 15 | H62: 197.5362 | I62: 33.743798 | Q62: 15 | R62: 200.98391 | S62: 30.296094 | AA62: 15 | AB62: 5.3038337 | AC62: 0.13979536 | AK62: 15 | AL62: 5.315284 | AM62: 0.12834506 | AU62: 15 | AV62: 199.95004 | AW62: 31.32996

Sheet З-7. Множ. регрессия
A1: Диагностика мультиколлинеарности
A2: Коэффициент | B2: Значение | C2: Интепретация
A3: rx1x2 | B3: ='З-1. Данные'!R22/SQRT('З-1. Данные'!N22*'З-1. Данные'!O22) -> 0.63219504 | C3: Связь заметная, следовательно есть проблема интеркорреляции
A7: Отбор факторов в уравнение множественной регресии
A8: Предварительный анализ
A9: Коэффициент | B9: Значение | C9: Интепретация
A10: ryx1 | B10: ='З-1. Данные'!S22 / SQRT('З-1. Данные'!M22*'З-1. Данные'!N22) -> 0.7763193 | C10: Связь тесная. rx1x2 < ryx1 значит, имеет смысл включать x1 в регрессию
A11: ryx2 | B11: ='З-1. Данные'!T22 / SQRT('З-1. Данные'!M22*'З-1. Данные'!O22) -> 0.86566522 | C11: Связь тесная. rx1x2 < ryx2 значит, имеет смысл включать x1 в регрессию
A14: Точная оценка (частные коэффициенты корреляции)
A15: Коэффициент | B15: Значение | C15: Интепретация
A16: ryx1-x2 | B16: =(B10 - B11 * B3) / SQRT((1 - B11^2) * (1 - B3^2)) -> 0.5905062 | C16: В чистом виде связь заметная
A17: ryx2-x1 | B17: =(B11 - B10 * B3) / SQRT((1 - B10^2) * (1 - B3^2)) -> 0.7675783 | C17: В чистом виде связь также тесная
A19: Точная оценка (частные коэффициенты детерминации)
A20: Коэффициент | B20: Первый способ | C20: Второй способ | D20: Интепретация
A21: R²yx1-x2 | B21: =B16^2 -> 0.34869757 | C21: =('З-1. Данные'!Q22 - 'З-1. Данные'!V22) / 'З-1. Данные'!Q22 -> 0.34869757 | D21: В чистом виде объем промышленного производства на 34% объяняет вариацию розничного товарооборота
A22: R²yx2-x1 | B22: =B17^2 -> 0.58917644 | C22: =('З-1. Данные'!P22-'З-1. Данные'!V22) / 'З-1. Данные'!P22 -> 0.58917644 | D22: В чистом виде среднедушевой денежный доход на 58% объяняет вариацию розничного товарооборота
A26: Оценка значимости уравенния множественной регрессии
B27: df | C27: SS | D27: MS | E27: F_fact | F27: p_value | G27: Интерпретация
A28: Регрессия | B28: 2 | C28: 11485.675 | D28: 5742.8373 | E28: 30.757533 | F28: 1.8916002e-05 | G28: p_value < 0.05. Следовательно, уравнению множественной линейной регрессии значимо с вероятностью 95%
A29: Остаток | B29: 12 | C29: 2240.5584 | D29: 186.7132
A32: Оценка значимости коэф множественной регрессии
A33: t-критерий
B34: Значение | C34: se | D34: t_fact | E34: p_value | F34: Интерпретация
A35: b̂₁ | B35: 0.30286119 | C35: 0.11948679 | D35: 2.5346835 | E35: 0.026193005 | F35: p-value = 0.03 < 0.05. Следовательно, коэф. Регрессии b̂₁ статистически значим
A36: b̂₂ | B36: 4.5785142 | C36: 1.1036692 | D36: 4.1484479 | E36: 0.0013503188 | F36: p-value = 0.0014 < 0.05. Следовательно, коэф регрессии b̂₂ статистически значим
A38: Частный F-критерий
A39: Переменная | B39: SS(2)oст | C39: SS(1)oст | D39: F_част | E39: F_crit | F39: Интерпретация
A40: x1 | B40: ='З-1. Данные'!V22 -> 2240.5584 | C40: ='З-1. Данные'!Q22 -> 3440.1198 | D40: =((C40 -B40) / 1) / (B40 / (15 - 2 - 1)) -> 6.4246204 | E40: =_xlfn.F.INV.RT(0.05,1,15-2-1) -> 4.7472253 | F40: Для обеих переменных F_част > F_crit. Следовательно, включение обеих переменных значимо с вероятностью 95%
A41: x2 | B41: ='З-1. Данные'!V22 -> 2240.5584 | C41: ='З-1. Данные'!P22 -> 5453.8215 | D41: =((C41 -B41) / 1) / (B41 / (15 - 2 - 1)) -> 17.20962

Sheet З-8. Анализ случ. остатков
A1: Имеются следующие данные об уровне розничного товарооборота (млн. руб) | G1: Дано:
C2: объеме промышленного производства (млн. руб) | G2: Y - данные об розничном товарообороте
C3: среднедушевом денежном доходе (тыс. руб) | G3: X - данные об промышленном производстве
B5: 1. Анализ гомоскедастичности
B7: Данные | I7: Тест Гольфельда-Квандта | S7: Тест Спирмена | AC7: Тест Уайта: Ye = b0 + b11 * Z₁ + b12 * Z₂ + u | AP7: Тест Парка: ln(E²) = b0 + b1 * ln(X) + δ | AZ7: Тест Глейзера: |E| = b0 + b1 * Xk + δ
B8: Номер | C8: Розничный товарооброт (y) | D8: Объем промышленного производства (x₁) | E8: Среднедушевойденежный доход (x₂) | F8: Прогноз по степенной регрессии (ŷ) | G8: ln(ε) | I8: Номер | J8: Розничный товарооброт (y) | K8: Объем промышленного производства (x₁) | L8: Отсортированная (x₂) | M8: Y=ln(y) | N8: X=ln(x₂) | S8: Номер | T8: X = ln(x₂) | U8: E = ln(ε) | V8: rang(X) | W8: rang(E) | X8: d² | AC8: Номер | AD8: Розничный товарооброт (y) | AE8: Объем промышленного производства (x₁) | AF8: Отсортированная (x₂) | AG8: Y=ln(y) | AH8: X=ln(x₂) (линеаризация Z1=X) | AI8: X² (линеаризация Z2=X²) | AJ8: E = ln(ε) | AK8: E² (линеаризация Ye = E²) | AP8: Номер | AQ8: X=ln(x₂) | AR8: E = ln(ε) | AS8: ln(X) | AT8: E² | AU8: ln(E²) | AZ8: Номер | BA8: X=ln(x₂) | BB8: E = ln(ε) | BC8: Xk при k = -1 | BD8: Xk при k = -0,5 | BE8: Xk при k = 0,5 | BF8: Xk при k = 1 | BG8: |E|
B9: 1 | C9: 118.56 | D9: 247 | E9: 15 | F9: ='З-6. Анализ нелинейных функций'!AD5 -> 118.09982 | G9: ='З-6. Анализ нелинейных функций'!AC48 -> 0.0038889794 | I9: 1 | J9: 118.56 | K9: 247 | L9: 15 | M9: =LN(J9) -> 4.7754192 | N9: =LN(L9) -> 2.7080502 | S9: 1 | T9: =LN($E9) -> 2.7080502 | U9: =G9 -> 0.0038889794 | V9: =_xlfn.RANK.AVG(T9,$T$9:$T$23,1) -> 1 | W9: =_xlfn.RANK.AVG(U9,$U$9:$U$23,1) -> 8 | X9: =(V9-W9)^2 -> 49 | AC9: 1 | AD9: 118.56 | AE9: 247 | AF9: 15 | AG9: =LN(AD9) -> 4.7754192 | AH9: =LN(AF9) -> 2.7080502 | AI9: =AH9^2 -> 7.3335359 | AJ9: =G9 -> 0.0038889794 | AK9: =AJ9^2 -> 1.5124161e-05 | AP9: 1 | AQ9: =LN($E9) -> 2.7080502 | AR9: =G9 -> 0.0038889794 | AS9: =LN(AQ9) -> 0.99622889 | AT9: =AR9^2 -> 1.5124161e-05 | AU9: =LN(AT9) -> -11.099217 | AZ9: 1 | BA9: =LN($E9) -> 2.7080502 | BB9: =G9 -> 0.0038889794 | BC9: =BA9^(-1) -> 0.36926937 | BD9: =BA9^(-0.5) -> 0.60767538 | BE9: =BA9^(0.5) -> 1.6456154 | BF9: =BA9^(1) -> 2.7080502 | BG9: =ABS(BB9) -> 0.0038889794
B10: 2 | C10: 124.96 | D10: 284 | E10: 18 | F10: ='З-6. Анализ нелинейных функций'!AD6 -> 137.96793 | G10: ='З-6. Анализ нелинейных функций'!AC49 -> -0.099027552 | I10: 2 | J10: 124.96 | K10: 284 | L10: 18 | M10: =LN(J10) -> 4.8279937 | N10: =LN(L10) -> 2.8903718 | S10: 2 | T10: =LN($E10) -> 2.8903718 | U10: =G10 -> -0.099027552 | V10: =_xlfn.RANK.AVG(T10,$T$9:$T$23,1) -> 2.5 | W10: =_xlfn.RANK.AVG(U10,$U$9:$U$23,1) -> 2 | X10: =(V10-W10)^2 -> 0.25 | AC10: 2 | AD10: 124.96 | AE10: 284 | AF10: 18 | AG10: =LN(AD10) -> 4.8279937 | AH10: =LN(AF10) -> 2.8903718 | AI10: =AH10^2 -> 8.3542489 | AJ10: =G10 -> -0.099027552 | AK10: =AJ10^2 -> 0.0098064561 | AP10: 2 | AQ10: =LN($E10) -> 2.8903718 | AR10: =G10 -> -0.099027552 | AS10: =LN(AQ10) -> 1.0613851 | AT10: =AR10^2 -> 0.0098064561 | AU10: =LN(AT10) -> -4.6247143 | AZ10: 2 | BA10: =LN($E10) -> 2.8903718 | BB10: =G10 -> -0.099027552 | BC10: =BA10^(-1) -> 0.34597626 | BD10: =BA10^(-0.5) -> 0.58819746 | BE10: =BA10^(0.5) -> 1.7001093 | BF10: =BA10^(1) -> 2.8903718 | BG10: =ABS(BB10) -> 0.099027552
B11: 3 | C11: 134.16 | D11: 258 | E11: 18 | F11: ='З-6. Анализ нелинейных функций'!AD7 -> 137.96793 | G11: ='З-6. Анализ нелинейных функций'!AC50 -> -0.027988121 | I11: 3 | J11: 134.16 | K11: 258 | L11: 18 | M11: =LN(J11) -> 4.8990331 | N11: =LN(L11) -> 2.8903718 | S11: 3 | T11: =LN($E11) -> 2.8903718 | U11: =G11 -> -0.027988121 | V11: =_xlfn.RANK.AVG(T11,$T$9:$T$23,1) -> 2.5 | W11: =_xlfn.RANK.AVG(U11,$U$9:$U$23,1) -> 4 | X11: =(V11-W11)^2 -> 2.25 | AC11: 3 | AD11: 134.16 | AE11: 258 | AF11: 18 | AG11: =LN(AD11) -> 4.8990331 | AH11: =LN(AF11) -> 2.8903718 | AI11: =AH11^2 -> 8.3542489 | AJ11: =G11 -> -0.027988121 | AK11: =AJ11^2 -> 0.00078333492 | AP11: 3 | AQ11: =LN($E11) -> 2.8903718 | AR11: =G11 -> -0.027988121 | AS11: =LN(AQ11) -> 1.0613851 | AT11: =AR11^2 -> 0.00078333492 | AU11: =LN(AT11) -> -7.1519502 | AZ11: 3 | BA11: =LN($E11) -> 2.8903718 | BB11: =G11 -> -0.027988121 | BC11: =BA11^(-1) -> 0.34597626 | BD11: =BA11^(-0.5) -> 0.58819746 | BE11: =BA11^(0.5) -> 1.7001093 | BF11: =BA11^(1) -> 2.8903718 | BG11: =ABS(BB11) -> 0.027988121
B12: 4 | C12: 155.04 | D12: 323 | E12: 19 | F12: ='З-6. Анализ нелинейных функций'!AD8 -> 144.47867 | G12: ='З-6. Анализ нелинейных функций'!AC51 -> 0.070551238 | I12: 4 | J12: 155.04 | K12: 323 | L12: 19 | M12: =LN(J12) -> 5.0436831 | N12: =LN(L12) -> 2.944439 | S12: 4 | T12: =LN($E12) -> 2.944439 | U12: =G12 -> 0.070551238 | V12: =_xlfn.RANK.AVG(T12,$T$9:$T$23,1) -> 4 | W12: =_xlfn.RANK.AVG(U12,$U$9:$U$23,1) -> 13 | X12: =(V12-W12)^2 -> 81 | AC12: 4 | AD12: 155.04 | AE12: 323 | AF12: 19 | AG12: =LN(AD12) -> 5.0436831 | AH12: =LN(AF12) -> 2.944439 | AI12: =AH12^2 -> 8.6697209 | AJ12: =G12 -> 0.070551238 | AK12: =AJ12^2 -> 0.0049774772 | AP12: 4 | AQ12: =LN($E12) -> 2.944439 | AR12: =G12 -> 0.070551238 | AS12: =LN(AQ12) -> 1.0799183 | AT12: =AR12^2 -> 0.0049774772 | AU12: =LN(AT12) -> -5.3028321 | AZ12: 4 | BA12: =LN($E12) -> 2.944439 | BB12: =G12 -> 0.070551238 | BC12: =BA12^(-1) -> 0.33962327 | BD12: =BA12^(-0.5) -> 0.58277206 | BE12: =BA12^(0.5) -> 1.7159368 | BF12: =BA12^(1) -> 2.944439 | BG12: =ABS(BB12) -> 0.070551238
B13: 5 | C13: 161.12 | D13: 304 | E13: 27 | F13: ='З-6. Анализ нелинейных функций'!AD9 -> 194.96459 | G13: ='З-6. Анализ нелинейных функций'!AC52 -> -0.19066854 | I13: 5 | J13: 165.13 | K13: 337 | L13: 22 | M13: =LN(J13) -> 5.106733 | N13: =LN(L13) -> 3.0910425 | S13: 5 | T13: =LN($E13) -> 3.2958369 | U13: =G13 -> -0.19066854 | V13: =_xlfn.RANK.AVG(T13,$T$9:$T$23,1) -> 11 | W13: =_xlfn.RANK.AVG(U13,$U$9:$U$23,1) -> 1 | X13: =(V13-W13)^2 -> 100 | AC13: 5 | AD13: 165.13 | AE13: 337 | AF13: 22 | AG13: =LN(AD13) -> 5.106733 | AH13: =LN(AF13) -> 3.0910425 | AI13: =AH13^2 -> 9.5545434 | AJ13: =G13 -> -0.19066854 | AK13: =AJ13^2 -> 0.036354492 | AP13: 5 | AQ13: =LN($E13) -> 3.2958369 | AR13: =G13 -> -0.19066854 | AS13: =LN(AQ13) -> 1.1926601 | AT13: =AR13^2 -> 0.036354492 | AU13: =LN(AT13) -> -3.3144375 | AZ13: 5 | BA13: =LN($E13) -> 3.2958369 | BB13: =G13 -> -0.19066854 | BC13: =BA13^(-1) -> 0.30341308 | BD13: =BA13^(-0.5) -> 0.55082944 | BE13: =BA13^(0.5) -> 1.815444 | BF13: =BA13^(1) -> 3.2958369 | BG13: =ABS(BB13) -> 0.19066854
B14: 6 | C14: 165.13 | D14: 337 | E14: 22 | F14: ='З-6. Анализ нелинейных функций'!AD10 -> 163.72058 | G14: ='З-6. Анализ нелинейных функций'!AC53 -> 0.0085718742 | I14: 6 | J14: 190.62 | K14: 353 | L14: 22 | M14: =LN(J14) -> 5.2502819 | N14: =LN(L14) -> 3.0910425 | S14: 6 | T14: =LN($E14) -> 3.0910425 | U14: =G14 -> 0.0085718742 | V14: =_xlfn.RANK.AVG(T14,$T$9:$T$23,1) -> 5.5 | W14: =_xlfn.RANK.AVG(U14,$U$9:$U$23,1) -> 9 | X14: =(V14-W14)^2 -> 12.25 | AC14: 6 | AD14: 190.62 | AE14: 353 | AF14: 22 | AG14: =LN(AD14) -> 5.2502819 | AH14: =LN(AF14) -> 3.0910425 | AI14: =AH14^2 -> 9.5545434 | AJ14: =G14 -> 0.0085718742 | AK14: =AJ14^2 -> 7.3477027e-05 | AP14: 6 | AQ14: =LN($E14) -> 3.0910425 | AR14: =G14 -> 0.0085718742 | AS14: =LN(AQ14) -> 1.1285084 | AT14: =AR14^2 -> 7.3477027e-05 | AU14: =LN(AT14) -> -9.5185378 | AZ14: 6 | BA14: =LN($E14) -> 3.0910425 | BB14: =G14 -> 0.0085718742 | BC14: =BA14^(-1) -> 0.32351545 | BD14: =BA14^(-0.5) -> 0.56878419 | BE14: =BA14^(0.5) -> 1.7581361 | BF14: =BA14^(1) -> 3.0910425 | BG14: =ABS(BB14) -> 0.0085718742
B15: 7 | C15: 170 | D15: 340 | E15: 23 | F15: ='З-6. Анализ нелинейных функций'!AD11 -> 170.04641 | G15: ='З-6. Анализ нелинейных функций'!AC54 -> -0.00027295776 | I15: 7 | J15: 170 | K15: 340 | L15: 23 | M15: =LN(J15) -> 5.1357984 | N15: =LN(L15) -> 3.1354942 | S15: 7 | T15: =LN($E15) -> 3.1354942 | U15: =G15 -> -0.00027295776 | V15: =_xlfn.RANK.AVG(T15,$T$9:$T$23,1) -> 7 | W15: =_xlfn.RANK.AVG(U15,$U$9:$U$23,1) -> 7 | X15: =(V15-W15)^2 -> 0 | AC15: 7 | AD15: 170 | AE15: 340 | AF15: 23 | AG15: =LN(AD15) -> 5.1357984 | AH15: =LN(AF15) -> 3.1354942 | AI15: =AH15^2 -> 9.831324 | AJ15: =G15 -> -0.00027295776 | AK15: =AJ15^2 -> 7.450594e-08 | AP15: 7 | AQ15: =LN($E15) -> 3.1354942 | AR15: =G15 -> -0.00027295776 | AS15: =LN(AQ15) -> 1.1427868 | AT15: =AR15^2 -> 7.450594e-08 | AU15: =LN(AT15) -> -16.412387 | AZ15: 7 | BA15: =LN($E15) -> 3.1354942 | BB15: =G15 -> -0.00027295776 | BC15: =BA15^(-1) -> 0.31892899 | BD15: =BA15^(-0.5) -> 0.56473798 | BE15: =BA15^(0.5) -> 1.7707327 | BF15: =BA15^(1) -> 3.1354942 | BG15: =ABS(BB15) -> 0.00027295776
B16: 8 | C16: 174.42 | D16: 306 | E16: 24 | F16: ='З-6. Анализ нелинейных функций'!AD12 -> 176.33188 | G16: ='З-6. Анализ нелинейных функций'!AC55 -> -0.010901739 | I16: 8 | J16: 174.42 | K16: 306 | L16: 24 | M16: =LN(J16) -> 5.1614662 | N16: =LN(L16) -> 3.1780538 | S16: 8 | T16: =LN($E16) -> 3.1780538 | U16: =G16 -> -0.010901739 | V16: =_xlfn.RANK.AVG(T16,$T$9:$T$23,1) -> 8.5 | W16: =_xlfn.RANK.AVG(U16,$U$9:$U$23,1) -> 5 | X16: =(V16-W16)^2 -> 12.25 | AC16: 8 | AD16: 174.42 | AE16: 306 | AF16: 24 | AG16: =LN(AD16) -> 5.1614662 | AH16: =LN(AF16) -> 3.1780538 | AI16: =AH16^2 -> 10.100026 | AJ16: =G16 -> -0.010901739 | AK16: =AJ16^2 -> 0.0001188479 | AP16: 8 | AQ16: =LN($E16) -> 3.1780538 | AR16: =G16 -> -0.010901739 | AS16: =LN(AQ16) -> 1.156269 | AT16: =AR16^2 -> 0.0001188479 | AU16: =LN(AT16) -> -9.037666 | AZ16: 8 | BA16: =LN($E16) -> 3.1780538 | BB16: =G16 -> -0.010901739 | BC16: =BA16^(-1) -> 0.31465798 | BD16: =BA16^(-0.5) -> 0.56094383 | BE16: =BA16^(0.5) -> 1.7827097 | BF16: =BA16^(1) -> 3.1780538 | BG16: =ABS(BB16) -> 0.010901739
B17: 9 | C17: 175.45 | D17: 290 | E17: 24 | F17: ='З-6. Анализ нелинейных функций'!AD13 -> 176.33188 | G17: ='З-6. Анализ нелинейных функций'!AC56 -> -0.0050138203 | I17: 9 | J17: 175.45 | K17: 290 | L17: 24 | M17: =LN(J17) -> 5.1673541 | N17: =LN(L17) -> 3.1780538 | S17: 9 | T17: =LN($E17) -> 3.1780538 | U17: =G17 -> -0.0050138203 | V17: =_xlfn.RANK.AVG(T17,$T$9:$T$23,1) -> 8.5 | W17: =_xlfn.RANK.AVG(U17,$U$9:$U$23,1) -> 6 | X17: =(V17-W17)^2 -> 6.25 | AC17: 9 | AD17: 175.45 | AE17: 290 | AF17: 24 | AG17: =LN(AD17) -> 5.1673541 | AH17: =LN(AF17) -> 3.1780538 | AI17: =AH17^2 -> 10.100026 | AJ17: =G17 -> -0.0050138203 | AK17: =AJ17^2 -> 2.5138394e-05 | AP17: 9 | AQ17: =LN($E17) -> 3.1780538 | AR17: =G17 -> -0.0050138203 | AS17: =LN(AQ17) -> 1.156269 | AT17: =AR17^2 -> 2.5138394e-05 | AU17: =LN(AT17) -> -10.591114 | AZ17: 9 | BA17: =LN($E17) -> 3.1780538 | BB17: =G17 -> -0.0050138203 | BC17: =BA17^(-1) -> 0.31465798 | BD17: =BA17^(-0.5) -> 0.56094383 | BE17: =BA17^(0.5) -> 1.7827097 | BF17: =BA17^(1) -> 3.1780538 | BG17: =ABS(BB17) -> 0.0050138203
B18: 10 | C18: 177.48 | D18: 348 | E18: 27 | F18: ='З-6. Анализ нелинейных функций'!AD14 -> 194.96459 | G18: ='З-6. Анализ нелинейных функций'!AC57 -> -0.093960041 | I18: 10 | J18: 161.12 | K18: 304 | L18: 27 | M18: =LN(J18) -> 5.0821494 | N18: =LN(L18) -> 3.2958369 | S18: 10 | T18: =LN($E18) -> 3.2958369 | U18: =G18 -> -0.093960041 | V18: =_xlfn.RANK.AVG(T18,$T$9:$T$23,1) -> 11 | W18: =_xlfn.RANK.AVG(U18,$U$9:$U$23,1) -> 3 | X18: =(V18-W18)^2 -> 64 | AC18: 10 | AD18: 161.12 | AE18: 304 | AF18: 27 | AG18: =LN(AD18) -> 5.0821494 | AH18: =LN(AF18) -> 3.2958369 | AI18: =AH18^2 -> 10.862541 | AJ18: =G18 -> -0.093960041 | AK18: =AJ18^2 -> 0.0088284893 | AP18: 10 | AQ18: =LN($E18) -> 3.2958369 | AR18: =G18 -> -0.093960041 | AS18: =LN(AQ18) -> 1.1926601 | AT18: =AR18^2 -> 0.0088284893 | AU18: =LN(AT18) -> -4.7297714 | AZ18: 10 | BA18: =LN($E18) -> 3.2958369 | BB18: =G18 -> -0.093960041 | BC18: =BA18^(-1) -> 0.30341308 | BD18: =BA18^(-0.5) -> 0.55082944 | BE18: =BA18^(0.5) -> 1.815444 | BF18: =BA18^(1) -> 3.2958369 | BG18: =ABS(BB18) -> 0.093960041
B19: 11 | C19: 190.62 | D19: 353 | E19: 22 | F19: ='З-6. Анализ нелинейных функций'!AD15 -> 163.72058 | G19: ='З-6. Анализ нелинейных функций'!AC58 -> 0.15212075 | I19: 11 | J19: 177.48 | K19: 348 | L19: 27 | M19: =LN(J19) -> 5.1788579 | N19: =LN(L19) -> 3.2958369 | S19: 11 | T19: =LN($E19) -> 3.0910425 | U19: =G19 -> 0.15212075 | V19: =_xlfn.RANK.AVG(T19,$T$9:$T$23,1) -> 5.5 | W19: =_xlfn.RANK.AVG(U19,$U$9:$U$23,1) -> 15 | X19: =(V19-W19)^2 -> 90.25 | AC19: 11 | AD19: 177.48 | AE19: 348 | AF19: 27 | AG19: =LN(AD19) -> 5.1788579 | AH19: =LN(AF19) -> 3.2958369 | AI19: =AH19^2 -> 10.862541 | AJ19: =G19 -> 0.15212075 | AK19: =AJ19^2 -> 0.023140722 | AP19: 11 | AQ19: =LN($E19) -> 3.0910425 | AR19: =G19 -> 0.15212075 | AS19: =LN(AQ19) -> 1.1285084 | AT19: =AR19^2 -> 0.023140722 | AU19: =LN(AT19) -> -3.7661613 | AZ19: 11 | BA19: =LN($E19) -> 3.0910425 | BB19: =G19 -> 0.15212075 | BC19: =BA19^(-1) -> 0.32351545 | BD19: =BA19^(-0.5) -> 0.56878419 | BE19: =BA19^(0.5) -> 1.7581361 | BF19: =BA19^(1) -> 3.0910425 | BG19: =ABS(BB19) -> 0.15212075
B20: 12 | C20: 197.34 | D20: 299 | E20: 27 | F20: ='З-6. Анализ нелинейных функций'!AD16 -> 194.96459 | G20: ='З-6. Анализ нелинейных функций'!AC59 -> 0.012110162 | I20: 12 | J20: 197.34 | K20: 299 | L20: 27 | M20: =LN(J20) -> 5.2849281 | N20: =LN(L20) -> 3.2958369 | S20: 12 | T20: =LN($E20) -> 3.2958369 | U20: =G20 -> 0.012110162 | V20: =_xlfn.RANK.AVG(T20,$T$9:$T$23,1) -> 11 | W20: =_xlfn.RANK.AVG(U20,$U$9:$U$23,1) -> 11 | X20: =(V20-W20)^2 -> 0 | AC20: 12 | AD20: 197.34 | AE20: 299 | AF20: 27 | AG20: =LN(AD20) -> 5.2849281 | AH20: =LN(AF20) -> 3.2958369 | AI20: =AH20^2 -> 10.862541 | AJ20: =G20 -> 0.012110162 | AK20: =AJ20^2 -> 0.00014665602 | AP20: 12 | AQ20: =LN($E20) -> 3.2958369 | AR20: =G20 -> 0.012110162 | AS20: =LN(AQ20) -> 1.1926601 | AT20: =AR20^2 -> 0.00014665602 | AU20: =LN(AT20) -> -8.8274207 | AZ20: 12 | BA20: =LN($E20) -> 3.2958369 | BB20: =G20 -> 0.012110162 | BC20: =BA20^(-1) -> 0.30341308 | BD20: =BA20^(-0.5) -> 0.55082944 | BE20: =BA20^(0.5) -> 1.815444 | BF20: =BA20^(1) -> 3.2958369 | BG20: =ABS(BB20) -> 0.012110162
... B23: 15 | C23: 231.28 | D23: 392 | E23: 28 | F23: ='З-6. Анализ нелинейных функций'!AD19 -> 201.10632 | G23: ='З-6. Анализ нелинейных функций'!AC62 -> 0.13979536 | I23: 15 | J23: 231.28 | K23: 392 | L23: 28 | M23: =LN(J23) -> 5.4436291 | N23: =LN(L23) -> 3.3322045 | S23: 15 | T23: =LN($E23) -> 3.3322045 | U23: =G23 -> 0.13979536 | V23: =_xlfn.RANK.AVG(T23,$T$9:$T$23,1) -> 14 | W23: =_xlfn.RANK.AVG(U23,$U$9:$U$23,1) -> 14 | X23: =(V23-W23)^2 -> 0 | AC23: 15 | AD23: 231.28 | AE23: 392 | AF23: 28 | AG23: =LN(AD23) -> 5.4436291 | AH23: =LN(AF23) -> 3.3322045 | AI23: =AH23^2 -> 11.103587 | AJ23: =G23 -> 0.13979536 | AK23: =AJ23^2 -> 0.019542743 | AP23: 15 | AQ23: =LN($E23) -> 3.3322045 | AR23: =G23 -> 0.13979536 | AS23: =LN(AQ23) -> 1.2036341 | AT23: =AR23^2 -> 0.019542743 | AU23: =LN(AT23) -> -3.9351513 | AZ23: 15 | BA23: =LN($E23) -> 3.3322045 | BB23: =G23 -> 0.13979536 | BC23: =BA23^(-1) -> 0.30010163 | BD23: =BA23^(-0.5) -> 0.54781532 | BE23: =BA23^(0.5) -> 1.8254327 | BF23: =BA23^(1) -> 3.3322045 | BG23: =ABS(BB23) -> 0.13979536
B24: Сумма | C24: =SUM(C9:C23) -> 2586.08 | D24: =SUM(D9:D23) -> 4758 | E24: =SUM(E9:E23) -> 350 | F24: =SUM(F9:F23) -> 2576.8784 | G24: =SUM(G9:G23) -> -2.6645353e-15 | I24: Сумма | J24: =SUM(J9:J23) -> 2586.08 | K24: =SUM(K9:K23) -> 4758 | L24: =SUM(L9:L23) -> 350 | M24: =SUM(M9:M23) -> 77.005789 | N24: =SUM(N9:N23) -> 46.991044 | S24: Сумма | T24: =SUM(T9:T23) -> 46.991044 | U24: =SUM(U9:U23) -> -2.6645353e-15 | V24: =SUM(V9:V23) -> 120 | W24: =SUM(W9:W23) -> 120 | X24: =SUM(X9:X23) -> 437.5 | AC24: Сумма | AD24: =SUM(AD9:AD23) -> 2586.08 | AE24: =SUM(AE9:AE23) -> 4758 | AF24: =SUM(AF9:AF23) -> 350 | AG24: =SUM(AG9:AG23) -> 77.005789 | AH24: =SUM(AH9:AH23) -> 46.991044 | AI24: =SUM(AI9:AI23) -> 147.7506 | AJ24: =SUM(AJ9:AJ23) -> -2.6645353e-15 | AK24: =SUM(AK9:AK23) -> 0.10483124 | AP24: Сумма | AQ24: =SUM(AQ9:AQ23) -> 46.991044 | AR24: =SUM(AR9:AR23) -> -2.6645353e-15 | AS24: =SUM(AS9:AS23) -> 17.100142 | AT24: =SUM(AT9:AT23) -> 0.10483124 | AU24: =SUM(AU9:AU23) -> -114.38715 | AZ24: Сумма | BA24: =SUM(BA9:BA23) -> 46.991044 | BB24: =SUM(BB9:BB23) -> -2.6645353e-15 | BC24: =SUM(BC9:BC23) -> 4.8066651 | BD24: =SUM(BD9:BD23) -> 8.4869707 | BE24: =SUM(BE9:BE23) -> 26.536825 | BF24: =SUM(BF9:BF23) -> 46.991044 | BG24: =SUM(BG9:BG23) -> 0.85566554
B25: Среднее | C25: =AVERAGE(C9:C23) -> 172.40533 | D25: =AVERAGE(D9:D23) -> 317.2 | E25: =AVERAGE(E9:E23) -> 23.333333 | F25: =AVERAGE(F9:F23) -> 171.79189 | G25: =AVERAGE(G9:G23) -> -1.7763568e-16 | I25: Среднее | J25: =AVERAGE(J9:J23) -> 172.40533 | K25: =AVERAGE(K9:K23) -> 317.2 | L25: =AVERAGE(L9:L23) -> 23.333333 | M25: =AVERAGE(M9:M23) -> 5.1337193 | N25: =AVERAGE(N9:N23) -> 3.1327362 | S25: Среднее | T25: =AVERAGE(T9:T23) -> 3.1327362 | U25: =AVERAGE(U9:U23) -> -1.7763568e-16 | V25: =AVERAGE(V9:V23) -> 8 | W25: =AVERAGE(W9:W23) -> 8 | X25: =AVERAGE(X9:X23) -> 29.166667 | AC25: Среднее | AD25: =AVERAGE(AD9:AD23) -> 172.40533 | AE25: =AVERAGE(AE9:AE23) -> 317.2 | AF25: =AVERAGE(AF9:AF23) -> 23.333333 | AG25: =AVERAGE(AG9:AG23) -> 5.1337193 | AH25: =AVERAGE(AH9:AH23) -> 3.1327362 | AI25: =AVERAGE(AI9:AI23) -> 9.85004 | AJ25: =AVERAGE(AJ9:AJ23) -> -1.7763568e-16 | AK25: =AVERAGE(AK9:AK23) -> 0.0069887492 | AP25: Среднее | AQ25: =AVERAGE(AQ9:AQ23) -> 3.1327362 | AR25: =AVERAGE(AR9:AR23) -> -1.7763568e-16 | AS25: =AVERAGE(AS9:AS23) -> 1.1400094 | AT25: =AVERAGE(AT9:AT23) -> 0.0069887492 | AU25: =AVERAGE(AU9:AU23) -> -7.6258097 | AZ25: Среднее | BA25: =AVERAGE(BA9:BA23) -> 3.1327362 | BB25: =AVERAGE(BB9:BB23) -> -1.7763568e-16 | BC25: =AVERAGE(BC9:BC23) -> 0.32044434 | BD25: =AVERAGE(BD9:BD23) -> 0.56579805 | BE25: =AVERAGE(BE9:BE23) -> 1.7691217 | BF25: =AVERAGE(BF9:BF23) -> 3.1327362 | BG25: =AVERAGE(BG9:BG23) -> 0.057044369
I28: Регрессия 1 | S28: p | T28: Интерпретация | AC28: ВЫВОД ИТОГОВ | AP28: ВЫВОД ИТОГОВ | AZ28: Регрессия при Xk при k = -1
I29: ВЫВОД ИТОГОВ | S29: =1 - 6*SUM(X9:X23)/(S23*(S23^2-1)) -> 0.21875 | T29: p < 0,3 Следовательно, остатки гомоскедастичны
B30: 2. Анализ нормальности распределения случайных остатков | AC30: Регрессионная статистика | AP30: Регрессионная статистика | AZ30: ВЫВОД ИТОГОВ
I31: Регрессионная статистика | S31: tp | T31: tтабл | U31: Интерпретация | AC31: Множественный R | AD31: 0.18350715 | AP31: Множественный R | AQ31: 0.14559722
B32: R/S критерий | I32: Множественный R | J32: 0.91108895 | S32: =S29*SQRT(S23-2)/SQRT(1-S29^2) -> 0.80829038 | T32: =_xlfn.T.INV.2T(0.05, S23-2) -> 2.1603687 | U32: tp < tтабл Следовательно, остатки гомоскедастичны с вероятностью 95% | AC32: R-квадрат | AD32: 0.033674874 | AP32: R-квадрат | AQ32: 0.021198551 | AZ32: Регрессионная статистика
B33: R | C33: S | D33: R/S | E33: R/Smin(n=15) | F33: R/Smax(n=15) | G33: Интерпретация | H33: - | I33: R-квадрат | J33: 0.83008307 | AC33: Нормированный R-квадрат | AD33: -0.12737931 | AP33: Нормированный R-квадрат | AQ33: -0.054093868 | AZ33: Множественный R | BA33: 0.18913869
B34: =MAX(G9:G23) - MIN(G9:G23) -> 0.34278929 | C34: =SQRT(SUMSQ(G9:G23)/(B23-1)) -> 0.086532916 | D34: =B34/C34 -> 3.9613745 | E34: 2.96 | F34: 4.14 | G34: Так как R/S принадлежит интервалу [R/Smin(n=15), R/Smax(n=15)], то остатки распределены нормально | H34: - | I34: Нормированный R-квадрат | J34: 0.78760384 | AC34: Стандартная ошибка | AD34: 0.0117236 | AP34: Стандартная ошибка | AQ34: 3.6573136 | AZ34: R-квадрат | BA34: 0.035773445
I35: Стандартная ошибка | J35: 0.083617327 | AC35: Наблюдения | AD35: 15 | AP35: Наблюдения | AQ35: 15 | AZ35: Нормированный R-квадрат | BA35: -0.038397829
I36: Наблюдения | J36: 6 | AZ36: Стандартная ошибка | BA36: 0.064460063
B37: Критерий Харке-Бера | AC37: Дисперсионный анализ | AP37: Дисперсионный анализ | AZ37: Наблюдения | BA37: 15
B38: As | C38: Ex | D38: JB | E38: Chiкрит | F38: Интерпретация | I38: Дисперсионный анализ | AD38: df | AE38: SS | AF38: MS | AG38: F | AH38: Значимость F | AQ38: df | AR38: SS | AS38: MS | AT38: F | AU38: Значимость F
B39: =SKEW(G9:G23) -> -0.26984482 | C39: =KURT(G9:G23) -> 1.011798 | D39: =B23/6*(B39^2 + C39^2/4) -> 0.82187506 | E39: =_xlfn.CHISQ.INV.RT(0.05, 2) -> 5.9914645 | F39: Так как JB < Chiкрит, то расрпеделение случайных остатков нормально с вероятностью ошибки 0,05 | H39: - | J39: df | K39: SS | L39: MS | M39: F | N39: Значимость F | AC39: Регрессия | AD39: 2 | AE39: 5.7475917e-05 | AF39: 2.8737958e-05 | AG39: 0.20909034 | AH39: 0.814216 | AP39: Регрессия | AQ39: 1 | AR39: 3.7659914 | AS39: 3.7659914 | AT39: 0.2815496 | AU39: 0.60463382 | AZ39: Дисперсионный анализ
I40: Регрессия | J40: 1 | K40: 0.13662729 | L40: 0.13662729 | M40: 19.540915 | N40: 0.011506334 | AC40: Остаток | AD40: 12 | AE40: 0.0016493134 | AF40: 0.00013744279 | AP40: Остаток | AQ40: 13 | AR40: 173.88726 | AS40: 13.375943 | BA40: df | BB40: SS | BC40: MS | BD40: F | BE40: Значимость F
I41: Остаток | J41: 4 | K41: 0.027967429 | L41: 0.0069918574 | AC41: Итого | AD41: 14 | AE41: 0.0017067893 | AP41: Итого | AQ41: 14 | AR41: 177.65325 | AZ41: Регрессия | BA41: 1 | BB41: 0.0020040404 | BC41: 0.0020040404 | BD41: 0.48230862 | BE41: 0.49960256
I42: Итого | J42: 5 | K42: 0.16459472 | AZ42: Остаток | BA42: 13 | BB42: 0.054016297 | BC42: 0.0041550997
AD43: Коэффициенты | AE43: Стандартная ошибка | AF43: t-статистика | AG43: P-Значение | AH43: Нижние 95% | AI43: Верхние 95% | AJ43: Нижние 95,0% | AK43: Верхние 95,0% | AQ43: Коэффициенты | AR43: Стандартная ошибка | AS43: t-статистика | AT43: P-Значение | AU43: Нижние 95% | AV43: Верхние 95% | AW43: Нижние 95,0% | AX43: Верхние 95,0% | AZ43: Итого | BA43: 14 | BB43: 0.056020337
J44: Коэффициенты | K44: Стандартная ошибка | L44: t-статистика | M44: P-Значение | N44: Нижние 95% | O44: Верхние 95% | P44: Нижние 95,0% | Q44: Верхние 95,0% | AC44: Y-пересечение | AD44: -0.35419805 | AE44: 0.82377669 | AF44: -0.42996852 | AG44: 0.67483861 | AH44: -2.1490533 | AI44: 1.4406572 | AJ44: -2.1490533 | AK44: 1.4406572 | AP44: Y-пересечение | AQ44: -16.819192 | AR44: 17.351697 | AS44: -0.96931108 | AT44: 0.35007929 | AU44: -54.305254 | AV44: 20.66687 | AW44: -54.305254 | AX44: 20.66687
I45: Y-пересечение | J45: 1.6232082 | K45: 0.76100604 | L45: 2.1329767 | M45: 0.099873025 | N45: -0.4896833 | O45: 3.7360997 | P45: -0.4896833 | Q45: 3.7360997 | AC45: Переменная X 1 | AD45: 0.22841035 | AE45: 0.53940288 | AF45: 0.42345038 | AG45: 0.67945726 | AH45: -0.94684756 | AI45: 1.4036683 | AJ45: -0.94684756 | AK45: 1.4036683 | AP45: ln(X) | AQ45: 8.0643035 | AR45: 15.198104 | AS45: 0.53061248 | AT45: 0.60463382 | AU45: -24.769203 | AV45: 40.897811 | AW45: -24.769203 | AX45: 40.897811 | BA45: Коэффициенты | BB45: Стандартная ошибка | BC45: t-статистика | BD45: P-Значение | BE45: Нижние 95% | BF45: Верхние 95% | BG45: Нижние 95,0% | BH45: Верхние 95,0%
I46: X=ln(x₂) | J46: 1.1446796 | K46: 0.25894737 | L46: 4.4205108 | M46: 0.011506334 | N46: 0.42572647 | O46: 1.8636328 | P46: 0.42572647 | Q46: 1.8636328 | AC46: Переменная X 2 | AD46: -0.035975752 | AE46: 0.088001064 | AF46: -0.40881041 | AG46: 0.68988031 | AH46: -0.2277136 | AI46: 0.1557621 | AJ46: -0.2277136 | AK46: 0.1557621 | AZ46: Y-пересечение | BA46: 0.23842168 | BB46: 0.26169807 | BC46: 0.9110563 | BD46: 0.37884945 | BE46: -0.32694263 | BF46: 0.80378599 | BG46: -0.32694263 | BH46: 0.80378599
AZ47: Xk при k = -1 | BA47: -0.56601813 | BB47: 0.81501919 | BC47: -0.69448443 | BD47: 0.49960256 | BE47: -2.32676 | BF47: 1.1947238 | BG47: -2.32676 | BH47: 1.1947238
AP49: ВЫВОД ОСТАТКА
I50: ВЫВОД ОСТАТКА | AC50: ВЫВОД ОСТАТКА | AZ50: Регрессия при Xk при k = -0,5
AP51: Наблюдение | AQ51: Предсказанное ln(E²) | AR51: Остатки
I52: Наблюдение | J52: Предсказанное Y=ln(y) | K52: Остатки | AC52: Наблюдение | AD52: Предсказанное Y | AE52: Остатки | AP52: 1 | AQ52: -8.7852997 | AR52: -2.3139173 | AZ52: ВЫВОД ИТОГОВ
I53: 1 | J53: 4.723058 | K53: 0.052361117 | AC53: 1 | AD53: 0.00051918867 | AE53: -0.00050406451 | AP53: 2 | AQ53: -8.2598601 | AR53: 3.6351457
I54: 2 | J54: 4.9317578 | K54: -0.10376413 | AC54: 2 | AD54: 0.0054424022 | AE54: 0.0043640539 | AP54: 3 | AQ54: -8.2598601 | AR54: 1.1079099 | AZ54: Регрессионная статистика
I55: 3 | J55: 4.9317578 | K55: -0.032724697 | AC55: 3 | AD55: 0.0054424022 | AE55: -0.0046590673 | AP55: 4 | AQ55: -8.110403 | AR55: 2.8075709 | AZ55: Множественный R | BA55: 0.18883003
I56: 4 | J56: 4.9936475 | K56: 0.050035687 | AC56: 4 | AD56: 0.0064425729 | AE56: -0.0014650956 | AP56: 5 | AQ56: -7.2012187 | AR56: 3.8867812 | AZ56: R-квадрат | BA56: 0.035656781
I57: 5 | J57: 5.1614615 | K57: -0.054728427 | AC57: 5 | AD57: 0.008096168 | AE57: 0.028258324 | AP57: 6 | AQ57: -7.7185577 | AR57: -1.7999801 | AZ57: Нормированный R-квадрат | BA57: -0.038523467
I58: 6 | J58: 5.1614615 | K58: 0.088820448 | AC58: 6 | AD58: 0.008096168 | AE58: -0.008022691 | AP58: 7 | AQ58: -7.6034122 | AR58: -8.8089747 | AZ58: Стандартная ошибка | BA58: 0.064463963
AC59: 7 | AD59: 0.0082920232 | AE59: -0.0082919487 | AP59: 8 | AQ59: -7.4946877 | AR59: -1.5429783 | AZ59: Наблюдения | BA59: 15
AC60: 8 | AD60: 0.0083463173 | AE60: -0.0082274694 | AP60: 9 | AQ60: -7.4946877 | AR60: -3.0964265
I61: Регрессия 2 | AC61: 9 | AD61: 0.0083463173 | AE61: -0.0083211789 | AP61: 10 | AQ61: -7.2012187 | AR61: 2.4714474 | AZ61: Дисперсионный анализ
I62: ВЫВОД ИТОГОВ | AC62: 10 | AD62: 0.0078171498 | AE62: 0.0010113395 | AP62: 11 | AQ62: -7.7185577 | AR62: 3.9523963 | BA62: df | BB62: SS | BC62: MS | BD62: F | BE62: Значимость F
AC63: 11 | AD63: 0.0078171498 | AE63: 0.015323573 | AP63: 12 | AQ63: -7.2012187 | AR63: -1.626202 | AZ63: Регрессия | BA63: 1 | BB63: 0.0019975049 | BC63: 0.0019975049 | BD63: 0.48067757 | BE63: 0.5003157
I64: Регрессионная статистика | AC64: 12 | AD64: 0.0078171498 | AE64: -0.0076704938 | AP64: 13 | AQ64: -7.1127212 | AR64: -1.9528659 | AZ64: Остаток | BA64: 13 | BB64: 0.054022832 | BC64: 0.0041556025
I65: Множественный R | J65: 0.78841315 | AC65: 13 | AD65: 0.0074520762 | AE65: -0.0073365008 | AP65: 14 | AQ65: -7.1127212 | AR65: 0.10252358 | AZ65: Итого | BA65: 14 | BB65: 0.056020337
I66: R-квадрат | J66: 0.62159529 | AC66: 14 | AD66: 0.0074520762 | AE66: -0.006549446 | AP66: 15 | AQ66: -7.1127212 | AR66: 3.1775699
I67: Нормированный R-квадрат | J67: 0.52699412 | AC67: 15 | AD67: 0.0074520762 | AE67: 0.012090667 | BA67: Коэффициенты | BB67: Стандартная ошибка | BC67: t-статистика | BD67: P-Значение | BE67: Нижние 95% | BF67: Верхние 95% | BG67: Нижние 95,0% | BH67: Верхние 95,0%
I68: Стандартная ошибка | J68: 0.086983142 | AZ68: Y-пересечение | BA68: 0.42381098 | BB68: 0.52927055 | BC68: 0.80074545 | BD68: 0.43766922 | BE68: -0.71960852 | BF68: 1.5672305 | BG68: -0.71960852 | BH68: 1.5672305
I69: Наблюдения | J69: 6 | AP69: Через t-критерий | AZ69: Xk при k = -0,5 | BA69: -0.64822884 | BB69: 0.93497807 | BC69: -0.69330914 | BD69: 0.5003157 | BE69: -2.6681261 | BF69: 1.3716685 | BG69: -2.6681261 | BH69: 1.3716685
AC70: Fфакт | AD70: Fтабл | AE70: Интерпретация | AP70: pvalue | AQ70: alpha | AR70: Интерпретация
I71: Дисперсионный анализ | AC71: =AG39 -> 0.20909034 | AD71: =_xlfn.F.INV.RT(0.05, AD39,AD40) -> 3.8852938 | AE71: Fфакт < Fтабл Следовательно, случайные остатки гомоскедастичны с вероятностью 95% | AP71: =AT45 -> 0.60463382 | AQ71: 0.05 | AR71: pvalue > 0,05 Следовательно, принимается нулевая гипотеза о незначимости b1 (остатки гомоскедастичны)
J72: df | K72: SS | L72: MS | M72: F | N72: Значимость F
I73: Регрессия | J73: 1 | K73: 0.049714304 | L73: 0.049714304 | M73: 6.570693 | N73: 0.062417228
I74: Остаток | J74: 4 | K74: 0.030264268 | L74: 0.007566067 | AZ74: Регрессия при Xk при k = 0,5
I75: Итого | J75: 5 | K75: 0.079978572
AZ76: ВЫВОД ИТОГОВ
J77: Коэффициенты | K77: Стандартная ошибка | L77: t-статистика | M77: P-Значение | N77: Нижние 95% | O77: Верхние 95% | P77: Нижние 95,0% | Q77: Верхние 95,0%
I78: Y-пересечение | J78: -11.316564 | K78: 6.4719633 | L78: -1.748552 | M78: 0.15527862 | N78: -29.285615 | O78: 6.6524864 | P78: -29.285615 | Q78: 6.6524864 | AZ78: Регрессионная статистика
I79: Переменная X 1 | J79: 5.0058736 | K79: 1.9528743 | L79: 2.5633363 | M79: 0.062417228 | N79: -0.41617469 | O79: 10.427922 | P79: -0.41617469 | Q79: 10.427922 | AZ79: Множественный R | BA79: 0.18832344
AZ80: R-квадрат | BA80: 0.035465717
AZ81: Нормированный R-квадрат | BA81: -0.038729228
AZ82: Стандартная ошибка | BA82: 0.064470348
I83: ВЫВОД ОСТАТКА | AZ83: Наблюдения | BA83: 15
I85: Наблюдение | J85: Предсказанное Y | K85: Остатки | AZ85: Дисперсионный анализ
I86: 1 | J86: 5.1819785 | K86: -0.099829066 | BA86: df | BB86: SS | BC86: MS | BD86: F | BE86: Значимость F
I87: 2 | J87: 5.1819785 | K87: -0.0031205685 | AZ87: Регрессия | BA87: 1 | BB87: 0.0019868014 | BC87: 0.0019868014 | BD87: 0.47800718 | BE87: 0.5014872
I88: 3 | J88: 5.1819785 | K88: 0.10294963 | AZ88: Остаток | BA88: 13 | BB88: 0.054033536 | BC88: 0.0041564258
I89: 4 | J89: 5.3640303 | K89: -0.049445987 | AZ89: Итого | BA89: 14 | BB89: 0.056020337
I90: 5 | J90: 5.3640303 | K90: -0.030152784
I91: 6 | J91: 5.3640303 | K91: 0.079598771 | BA91: Коэффициенты | BB91: Стандартная ошибка | BC91: t-статистика | BD91: P-Значение | BE91: Нижние 95% | BF91: Верхние 95% | BG91: Нижние 95,0% | BH91: Верхние 95,0%
AZ92: Y-пересечение | BA92: -0.31815813 | BB92: 0.54294111 | BC92: -0.58599013 | BD92: 0.56791716 | BE92: -1.4911111 | BF92: 0.85479482 | BG92: -1.4911111 | BH92: 0.85479482
AZ93: Xk при k = 0,5 | BA93: 0.21208406 | BB93: 0.30675441 | BC93: 0.69138064 | BD93: 0.5014872 | BE93: -0.45061855 | BF93: 0.87478666 | BG93: -0.45061855 | BH93: 0.87478666
I95: SSmaxост | J95: SSminост | K95: Fфакт | L95: Fтабл | M95: Интерпретация
I96: =MAX(K74,K41) -> 0.030264268 | J96: =MIN(K74,K41) -> 0.027967429 | K96: =I96/J96 -> 1.0821255 | L96: =_xlfn.F.INV.RT(0.05, J74, J74) -> 6.3882329 | M96: Случайные остатки гомоскедастичны с вероятностью 95%
AZ97: Регрессия при Xk при k = 1
AZ99: ВЫВОД ИТОГОВ
AZ101: Регрессионная статистика
AZ102: Множественный R | BA102: 0.18812584
AZ103: R-квадрат | BA103: 0.035391331
AZ104: Нормированный R-квадрат | BA104: -0.038809336
AZ105: Стандартная ошибка | BA105: 0.064472834
AZ106: Наблюдения | BA106: 15
AZ108: Дисперсионный анализ
BA109: df | BB109: SS | BC109: MS | BD109: F | BE109: Значимость F
AZ110: Регрессия | BA110: 1 | BB110: 0.0019826343 | BC110: 0.0019826343 | BD110: 0.47696783 | BE110: 0.50194448
AZ111: Остаток | BA111: 13 | BB111: 0.054037703 | BC111: 0.0041567464
AZ112: Итого | BA112: 14 | BB112: 0.056020337
...

Sheet ДЗ. 7
A1: Пункт 1
A3: Парная регрессия
A4: Номер регрессии | B4: r² | C4: Интерпретация
A5: №1 | B5: 0.9 | C5: Фактор размера торговой площади на 90% объясняет общую вариацию объема реализации торговли
A6: №2 | B6: 0.84 | C6: Фактор товарных запасов на 84% объясняет общую вариацию объема реализации торговли
A8: Множ. Регрессия
A9: Номер регрессии | B9: R² | C9: Интерпретация
A10: №3 | B10: 0.92 | C10: Совместно факторы размера торговой площади и товарных запасов объяняют общую вариацию y на 92%
A11: №4 | B11: 0.95 | C11: При линейной зависимости y от фактора x1 и параболической зависимости от x2 общая вариация y объяняется совместно этими факторами на 95%
A13: Множ. Регрессия | B13: Фактор | C13: Частный R² | D13: Интерпретация
A14: №3 | B14: x1 | C14: =(B10-B5)/(1-B5) -> 0.2 | D14: При включении x1 в уравнение линейной множ. регресии после x2 остаточная дисперсия сократится на 20%
B15: x2 | C15: =(B10-B6)/(1-B6) -> 0.5 | D15: При включении x2 в уравнение линейной множ. регресии после x1 остаточная дисперсия сократится на 50%
A16: №4 | B16: x1 | C16: =(B11-B5)/(1-B5) -> 0.5 | D16: При включении x1 в уравнение нелинейной множ. регресии после x2 остаточная дисперсия сократится на 50%
B17: x2 | C17: =(B11-B6)/(1-B6) -> 0.6875 | D17: При включении x2 в уравнение нелинейной множ. регресии после x1 остаточная дисперсия сократится на 68,75%
A20: Пункт 2
A21: Регрессия | B21: R² | C21: r | D21: R²скорр | E21: Fфакт | F21: Fтабл
A22: №1 | B22: =B5 -> 0.9 | C22: =SQRT(B22) -> 0.9486833 | D22: =1 - (1-B22) * (19-1)/(19-1-1) -> 0.89411765 | E22: =B22/(1-B22)*(19-1-1)/(1) -> 153 | F22: =_xlfn.F.INV.RT(0.05, 1, 19-1-1) -> 4.4513218
A23: №2 | B23: =B6 -> 0.84 | C23: =SQRT(B23) -> 0.91651514 | D23: =1 - (1-B23) * (19-1)/(19-1-1) -> 0.83058824 | E23: =B23/(1-B23)*(19-1-1)/(1) -> 89.25 | F23: =_xlfn.F.INV.RT(0.05, 1, 19-1-1) -> 4.4513218
A24: №3 | B24: =B10 -> 0.92 | C24: =SQRT(B24) -> 0.9591663 | D24: =1 - (1-B24) * (19-1)/(19-2-1) -> 0.91 | E24: =B24/(1-B24)*(19-2-1)/(2) -> 92 | F24: =_xlfn.F.INV.RT(0.05, 2, 19-2-1) -> 3.6337235
A25: №4 | B25: =B11 -> 0.95 | C25: =SQRT(B25) -> 0.97467943 | D25: =1 - (1-B25) * (19-1)/(19-2-1) -> 0.94375 | E25: =B25/(1-B25)*(19-2-1)/(2) -> 152 | F25: =_xlfn.F.INV.RT(0.05, 2, 19-2-1) -> 3.6337235

Sheet ДЗ. 8
B2: Номер (x) | C2: Остаток (ε) | G2: Тест Гольдфельда-Квандта | N2: Тест Спирмена | T2: Тест Уайта | AE2: Тест Парка | AP2: Тест Глейзера
B3: 1 | C3: 3 | G3: Номер (x) | H3: Остаток (ε) | N3: R(x) | O3: |e| | P3: R(ε) | Q3: d² | T3: ε² | U3: x | V3: x² | AE3: ln(ε²) | AF3: ln(x) | AP3: |e| | AQ3: x^(-1) | AR3: x^(-0,5) | AS3: x^(0,5) | AT3: x^(1)
B4: 2 | C4: 5 | G4: =B3 -> 1 | H4: =C3 -> 3 | N4: =_xlfn.RANK.AVG(B3,$B$3:$B$9,1) -> 1 | O4: =ABS(C3) -> 3 | P4: =_xlfn.RANK.AVG(O4,$O$4:$O$10,1) -> 4.5 | Q4: =(P4-N4)^2 -> 12.25 | T4: =C3^2 -> 9 | U4: =B3 -> 1 | V4: =U4^2 -> 1 | AE4: =LN(T4) -> 2.1972246 | AF4: =LN(B3) -> 0 | AP4: =ABS(C3) -> 3 | AQ4: =$B3^(-1) -> 1 | AR4: =$B3^(-0.5) -> 1 | AS4: =$B3^(0.5) -> 1 | AT4: =$B3^(1) -> 1
B5: 3 | C5: -2 | G5: =B4 -> 2 | H5: =C4 -> 5 | N5: =_xlfn.RANK.AVG(B4,$B$3:$B$9,1) -> 2 | O5: =ABS(C4) -> 5 | P5: =_xlfn.RANK.AVG(O5,$O$4:$O$10,1) -> 7 | Q5: =(P5-N5)^2 -> 25 | T5: =C4^2 -> 25 | U5: =B4 -> 2 | V5: =U5^2 -> 4 | AE5: =LN(T5) -> 3.2188758 | AF5: =LN(B4) -> 0.69314718 | AP5: =ABS(C4) -> 5 | AQ5: =$B4^(-1) -> 0.5 | AR5: =$B4^(-0.5) -> 0.70710678 | AS5: =$B4^(0.5) -> 1.4142136 | AT5: =$B4^(1) -> 2
B6: 4 | C6: -4 | G6: =B5 -> 3 | H6: =C5 -> -2 | N6: =_xlfn.RANK.AVG(B5,$B$3:$B$9,1) -> 3 | O6: =ABS(C5) -> 2 | P6: =_xlfn.RANK.AVG(O6,$O$4:$O$10,1) -> 2.5 | Q6: =(P6-N6)^2 -> 0.25 | T6: =C5^2 -> 4 | U6: =B5 -> 3 | V6: =U6^2 -> 9 | AE6: =LN(T6) -> 1.3862944 | AF6: =LN(B5) -> 1.0986123 | AP6: =ABS(C5) -> 2 | AQ6: =$B5^(-1) -> 0.33333333 | AR6: =$B5^(-0.5) -> 0.57735027 | AS6: =$B5^(0.5) -> 1.7320508 | AT6: =$B5^(1) -> 3
B7: 5 | C7: 2 | G7: =B6 -> 4 | H7: =C6 -> -4 | N7: =_xlfn.RANK.AVG(B6,$B$3:$B$9,1) -> 4 | O7: =ABS(C6) -> 4 | P7: =_xlfn.RANK.AVG(O7,$O$4:$O$10,1) -> 6 | Q7: =(P7-N7)^2 -> 4 | T7: =C6^2 -> 16 | U7: =B6 -> 4 | V7: =U7^2 -> 16 | AE7: =LN(T7) -> 2.7725887 | AF7: =LN(B6) -> 1.3862944 | AP7: =ABS(C6) -> 4 | AQ7: =$B6^(-1) -> 0.25 | AR7: =$B6^(-0.5) -> 0.5 | AS7: =$B6^(0.5) -> 2 | AT7: =$B6^(1) -> 4
B8: 6 | C8: -1 | G8: =B7 -> 5 | H8: =C7 -> 2 | N8: =_xlfn.RANK.AVG(B7,$B$3:$B$9,1) -> 5 | O8: =ABS(C7) -> 2 | P8: =_xlfn.RANK.AVG(O8,$O$4:$O$10,1) -> 2.5 | Q8: =(P8-N8)^2 -> 6.25 | T8: =C7^2 -> 4 | U8: =B7 -> 5 | V8: =U8^2 -> 25 | AE8: =LN(T8) -> 1.3862944 | AF8: =LN(B7) -> 1.6094379 | AP8: =ABS(C7) -> 2 | AQ8: =$B7^(-1) -> 0.2 | AR8: =$B7^(-0.5) -> 0.4472136 | AS8: =$B7^(0.5) -> 2.236068 | AT8: =$B7^(1) -> 5
B9: 7 | C9: -3 | G9: =B8 -> 6 | H9: =C8 -> -1 | N9: =_xlfn.RANK.AVG(B8,$B$3:$B$9,1) -> 6 | O9: =ABS(C8) -> 1 | P9: =_xlfn.RANK.AVG(O9,$O$4:$O$10,1) -> 1 | Q9: =(P9-N9)^2 -> 25 | T9: =C8^2 -> 1 | U9: =B8 -> 6 | V9: =U9^2 -> 36 | AE9: =LN(T9) -> 0 | AF9: =LN(B8) -> 1.7917595 | AP9: =ABS(C8) -> 1 | AQ9: =$B8^(-1) -> 0.16666667 | AR9: =$B8^(-0.5) -> 0.40824829 | AS9: =$B8^(0.5) -> 2.4494897 | AT9: =$B8^(1) -> 6
G10: =B9 -> 7 | H10: =C9 -> -3 | N10: =_xlfn.RANK.AVG(B9,$B$3:$B$9,1) -> 7 | O10: =ABS(C9) -> 3 | P10: =_xlfn.RANK.AVG(O10,$O$4:$O$10,1) -> 4.5 | Q10: =(P10-N10)^2 -> 6.25 | T10: =C9^2 -> 9 | U10: =B9 -> 7 | V10: =U10^2 -> 49 | AE10: =LN(T10) -> 2.1972246 | AF10: =LN(B9) -> 1.9459101 | AP10: =ABS(C9) -> 3 | AQ10: =$B9^(-1) -> 0.14285714 | AR10: =$B9^(-0.5) -> 0.37796447 | AS10: =$B9^(0.5) -> 2.6457513 | AT10: =$B9^(1) -> 7
AP12: 1 Регрессия
G13: SSост1 | H13: SSост2 | I13: F_fact | J13: F_crit | K13: Интерпретация | N13: p | O13: |t_p| | P13: t_crit | Q13: Интерпретация | T13: ВЫВОД ИТОГОВ | AE13: ВЫВОД ИТОГОВ | AP13: ВЫВОД ИТОГОВ
G14: =SUMSQ(H4:H6) -> 38 | H14: =SUMSQ(H8:H10) -> 14 | I14: =G14/H14 -> 2.7142857 | J14: =_xlfn.F.INV.RT(0.05, 1, 1) -> 161.44764 | K14: F_fact < F_crit Следовательно, остатки гомоскедастичны | L14: - | N14: =1 - 6 * SUM(Q4:Q10) / (7 * (7^2-1)) -> -0.41071429 | O14: =ABS(N14*SQRT(7-2) / SQRT(1 - N14^2)) -> 1.0072617 | P14: =_xlfn.T.INV.2T(0.05,7-2) -> 2.5705818 | Q14: |t_p| < t_crit Следовательно, остатки гомоскедастичны | R14: -
T15: Регрессионная статистика | AE15: Регрессионная статистика | AP15: Регрессионная статистика
T16: Множественный R | U16: 0.44518412 | AE16: Множественный R | AF16: 0.43874547 | AP16: Множественный R | AQ16: 0.30806227
T17: R-квадрат | U17: 0.1981889 | AE17: R-квадрат | AF17: 0.19249758 | AP17: R-квадрат | AQ17: 0.094902364
T18: Нормированный R-квадрат | U18: -0.20271664 | AE18: Нормированный R-квадрат | AF18: 0.0309971 | AP18: Нормированный R-квадрат | AQ18: -0.086117164
T19: Стандартная ошибка | U19: 9.1254485 | AE19: Стандартная ошибка | AF19: 1.0489113 | AP19: Стандартная ошибка | AQ19: 1.4019111
T20: Наблюдения | U20: 7 | AE20: Наблюдения | AF20: 7 | AP20: Наблюдения | AQ20: 7
T22: Дисперсионный анализ | AE22: Дисперсионный анализ | AP22: Дисперсионный анализ
U23: df | V23: SS | W23: MS | X23: F | Y23: Значимость F | AF23: df | AG23: SS | AH23: MS | AI23: F | AJ23: Значимость F | AQ23: df | AR23: SS | AS23: MS | AT23: F | AU23: Значимость F
T24: Регрессия | U24: 2 | V24: 82.333333 | W24: 41.166667 | X24: 0.49435311 | Y24: 0.64290103 | AE24: Регрессия | AF24: 1 | AG24: 1.3113813 | AH24: 1.3113813 | AI24: 1.1919319 | AJ24: 0.32473192 | AP24: Регрессия | AQ24: 1 | AR24: 1.0303685 | AS24: 1.0303685 | AT24: 0.52426589 | AU24: 0.50147602
T25: Остаток | U25: 4 | V25: 333.09524 | W25: 83.27381 | AE25: Остаток | AF25: 5 | AG25: 5.5010748 | AH25: 1.100215 | AP25: Остаток | AQ25: 5 | AR25: 9.8267743 | AS25: 1.9653549
T26: Итого | U26: 6 | V26: 415.42857 | AE26: Итого | AF26: 6 | AG26: 6.8124562 | AP26: Итого | AQ26: 6 | AR26: 10.857143
U28: Коэффициенты | V28: Стандартная ошибка | W28: t-статистика | X28: P-Значение | Y28: Нижние 95% | Z28: Верхние 95% | AA28: Нижние 95,0% | AB28: Верхние 95,0% | AF28: Коэффициенты | AG28: Стандартная ошибка | AH28: t-статистика | AI28: P-Значение | AJ28: Нижние 95% | AK28: Верхние 95% | AL28: Нижние 95,0% | AM28: Верхние 95,0% | AQ28: Коэффициенты | AR28: Стандартная ошибка | AS28: t-статистика | AT28: P-Значение | AU28: Нижние 95% | AV28: Верхние 95% | AW28: Нижние 95,0% | AX28: Верхние 95,0%
T29: Y-пересечение | U29: 16.857143 | V29: 14.220984 | W29: 1.185371 | X29: 0.30147917 | Y29: -22.626639 | Z29: 56.340925 | AA29: -22.626639 | AB29: 56.340925 | AE29: Y-пересечение | AF29: 2.7112028 | AG29: 0.85855556 | AH29: 3.1578653 | AI29: 0.025155433 | AJ29: 0.50421552 | AK29: 4.9181902 | AL29: 0.50421552 | AM29: 4.9181902 | AP29: Y-пересечение | AQ29: 2.350793 | AR29: 0.87738879 | AS29: 2.6793059 | AT29: 0.043856579 | AU29: 0.095393296 | AV29: 4.6061927 | AW29: 0.095393296 | AX29: 4.6061927
T30: x | U30: -1.9047619 | V30: 8.1498943 | W30: -0.23371615 | X30: 0.82667944 | Y30: -24.532496 | Z30: 20.722972 | AA30: -24.532496 | AB30: 20.722972 | AE30: ln(x) | AF30: -0.68267535 | AG30: 0.62530009 | AH30: -1.0917564 | AI30: 0.32473192 | AJ30: -2.2900604 | AK30: 0.92470971 | AL30: -2.2900604 | AM30: 0.92470971 | AP30: x^(-1) | AQ30: 1.3670052 | AR30: 1.8879668 | AS30: 0.72406208 | AT30: 0.50147602 | AU30: -3.486168 | AV30: 6.2201783 | AW30: -3.486168 | AX30: 6.2201783
T31: x² | U31: 0.023809524 | V31: 0.99566805 | W31: 0.023913114 | X31: 0.9820673 | Y31: -2.7406082 | Z31: 2.7882272 | AA31: -2.7406082 | AB31: 2.7882272
AP33: 2 Регрессия
T34: F-критерий (p-value) | U34: Интерпретация | AP34: ВЫВОД ИТОГОВ
T35: =Y24 -> 0.64290103 | U35: p-value > 0,05 Следовательно, остатки гомоскедастичны | AE35: b1 (p-value) | AF35: Интерпретация
AE36: =AI30 -> 0.32473192 | AF36: Больше 0,05 то есть, остатки гомоскедастичны | AP36: Регрессионная статистика
AP37: Множественный R | AQ37: 0.36682195
AP38: R-квадрат | AQ38: 0.13455834
AP39: Нормированный R-квадрат | AQ39: -0.03852999
AP40: Стандартная ошибка | AQ40: 1.3708555
AP41: Наблюдения | AQ41: 7
AP43: Дисперсионный анализ
AQ44: df | AR44: SS | AS44: MS | AT44: F | AU44: Значимость F
AP45: Регрессия | AQ45: 1 | AR45: 1.4609191 | AS45: 1.4609191 | AT45: 0.77739695 | AU45: 0.41830115
AP46: Остаток | AQ46: 5 | AR46: 9.3962237 | AS46: 1.8792447
AP47: Итого | AQ47: 6 | AR47: 10.857143
AQ49: Коэффициенты | AR49: Стандартная ошибка | AS49: t-статистика | AT49: P-Значение | AU49: Нижние 95% | AV49: Верхние 95% | AW49: Нижние 95,0% | AX49: Верхние 95,0%
AP50: Y-пересечение | AQ50: 1.5613679 | AR50: 1.5582932 | AS50: 1.0019731 | AT50: 0.36235142 | AU50: -2.4443523 | AV50: 5.567088 | AW50: -2.4443523 | AX50: 5.567088
AP51: x^(-0,5) | AQ51: 2.2575132 | AR51: 2.5604063 | AS51: 0.88170117 | AT51: 0.41830115 | AU51: -4.3242207 | AV51: 8.8392472 | AW51: -4.3242207 | AX51: 8.8392472
AP54: 3 Регрессия
AP55: ВЫВОД ИТОГОВ
AP57: Регрессионная статистика
AP58: Множественный R | AQ58: 0.4478693
AP59: R-квадрат | AQ59: 0.20058691
AP60: Нормированный R-квадрат | AQ60: 0.040704289
AP61: Стандартная ошибка | AQ61: 1.3175236
AP62: Наблюдения | AQ62: 7
AP64: Дисперсионный анализ
AQ65: df | AR65: SS | AS65: MS | AT65: F | AU65: Значимость F
AP66: Регрессия | AQ66: 1 | AR66: 2.1778007 | AS66: 2.1778007 | AT66: 1.2545886 | AU66: 0.31357657
AP67: Остаток | AQ67: 5 | AR67: 8.6793421 | AS67: 1.7358684
AP68: Итого | AQ68: 6 | AR68: 10.857143
AQ70: Коэффициенты | AR70: Стандартная ошибка | AS70: t-статистика | AT70: P-Значение | AU70: Нижние 95% | AV70: Верхние 95% | AW70: Нижние 95,0% | AX70: Верхние 95,0%
AP71: Y-пересечение | AQ71: 4.8412719 | AR71: 1.8400753 | AS71: 2.6310184 | AT71: 0.046476192 | AU71: 0.11120787 | AV71: 9.571336 | AW71: 0.11120787 | AX71: 9.571336
AP72: x^(0,5) | AQ72: -1.0305196 | AR72: 0.92003764 | AS72: -1.1200842 | AT72: 0.31357657 | AU72: -3.3955516 | AV72: 1.3345124 | AW72: -3.3955516 | AX72: 1.3345124
AP75: 4 Регрессия
AP76: ВЫВОД ИТОГОВ
AP78: Регрессионная статистика
AP79: Множественный R | AQ79: 0.45883147
AP80: R-квадрат | AQ80: 0.21052632
AP81: Нормированный R-квадрат | AQ81: 0.052631579
AP82: Стандартная ошибка | AQ82: 1.3093073
AP83: Наблюдения | AQ83: 7
AP85: Дисперсионный анализ
AQ86: df | AR86: SS | AS86: MS | AT86: F | AU86: Значимость F
AP87: Регрессия | AQ87: 1 | AR87: 2.2857143 | AS87: 2.2857143 | AT87: 1.3333333 | AU87: 0.3003983
AP88: Остаток | AQ88: 5 | AR88: 8.5714286 | AS88: 1.7142857
AP89: Итого | AQ89: 6 | AR89: 10.857143
AQ91: Коэффициенты | AR91: Стандартная ошибка | AS91: t-статистика | AT91: P-Значение | AU91: Нижние 95% | AV91: Верхние 95% | AW91: Нижние 95,0% | AX91: Верхние 95,0%
AP92: Y-пересечение | AQ92: 4 | AR92: 1.1065667 | AS92: 3.6147845 | AT92: 0.015303204 | AU92: 1.1554798 | AV92: 6.8445202 | AW92: 1.1554798 | AX92: 6.8445202
AP93: x^(1) | AQ93: -0.28571429 | AR93: 0.24743583 | AS93: -1.1547005 | AT93: 0.3003983 | AU93: -0.92176833 | AV93: 0.35033976 | AW93: -0.92176833 | AX93: 0.35033976
AP95: Все значения pvalue больше 0,05 то есть, остатки гомоскедастичны

Sheet ДЗ. 9
B2: Данные по модели случайных остатков
B3: R² | C3: =0.35 -> 0.35
B4: n | C4: 100
B5: m | C5: 4
B8: Часть 1: Проверка гипотезы и выводы
B10: F_fact | C10: F_crit | D10: Интерпретация
B11: =C3 / (1-C3) * ((C4-C5-1) / C5) -> 12.788462 | C11: =_xlfn.F.INV.RT(0.05, C5, C4-C5-1) -> 2.4674936 | D11: F_fact > F_crit то есть, остатки гетероскедастичны
B13: Таким образом, нарушается одна из предпосылок МНК, и оценки считаются ненадежными, а модель неточной
B18: Часть 2: Анализ случайных остатков модели
B20: n | C20: 25
B21: t_fact (1) | C21: -5
B22: t_fact (2) | C22: 1.3
B23: t_crit | C23: =_xlfn.T.INV.2T(0.05, 25-2) -> 2.0686576
B25: Цель анализа | C25: Проверить, являются ли значимы параметры регрессии, чтобы сделать вывод о гомоскедастичности случайных остатков
B26: Методы | C26: Используется тест Парка (1) и тест Глейзера при k=-1 (2)
B27: Выводы | C27: Тест Парка показал, что |t_fact| > t_crit, что говорит об отвержении нулевой гипотезы об гомоскедастичности случайных остатков
C28: Тест Глейзера при k=-1 показат, что t_fact < t_crit, то есть, не отвергаем гипотезу о гомоскедастичности случайных остатков

Sheet З-9. Прогноз по нелинейным ф.
B3: Задача: Найди прогноз для x2,пр = 30
B4: x2,пр | C4: 30
B5: t_crit | C5: =_xlfn.T.INV.2T(0.05, 15-2) -> 2.1603687
B8: Найдем среднюю ошибку прогноза
B9: SSост | C9: ='З-6. Анализ нелинейных функций'!AC36 -> 0.10483124
B10: ln(x2)ср | C10: =AVERAGE('З-6. Анализ нелинейных функций'!AB5:AB19) -> 3.1327362
B11: se(ln(ŷпр)) | C11: {=SQRT(C9 / (15 - 2) * (1 + 1 / 15 + (C17 - C10)^2 / SUMSQ('З-9. Прогноз по нелинейным ф.'!AB5:AB19 - 'З-9. Прогноз по нелинейным ф.'!C10)))} -> 0.092765756
B14: Параметры модели
B15: ln(b0) | C15: ='З-6. Анализ нелинейных функций'!AB40 -> 2.4619975
B16: b̂1 | C16: ='З-6. Анализ нелинейных функций'!AB41 -> 0.85283967
B17: ln(x2,пр) | C17: =LN(C4) -> 3.4011974
B18: ln(ŷпр) | C18: =C15+C16*C17 -> 5.3626736
B21: Точечный прогноз
B22: ŷпр | C22: =EXP(C18) -> 213.29445
B25: Интервальный прогноз
B26: ln(ŷmin) | C26: =C18 - C5 * C11 -> 5.1622654
B27: ln(ŷmax) | C27: =C18 + C5 * C11 -> 5.5630818

Sheet З-10. Фиктивные переменные
C3: Заработная плата, евро (y) | D3: Образование, лет (x1) | E3: Возраст, лет (x2) | F3: Фиктивная переменная (z) | G3: x1 * z | H3: x2 * z | I3: Пол | M3: Образование, лет (x1) | N3: Возраст, лет (x2) | O3: x1 * z | P3: x2 * z
B4: 1 | C4: 1250 | D4: 1 | E4: 28 | F4: =IF(I4="женский",0,1) -> 0 | G4: =D4*F4 -> 0 | H4: =E4*F4 -> 0 | I4: женский | M4: 1 | N4: 28 | O4: =G4 -> 0 | P4: =H4 -> 0
B5: 2 | C5: 1950 | D5: 9 | E5: 34 | F5: =IF(I5="женский",0,1) -> 1 | G5: =D5*F5 -> 9 | H5: =E5*F5 -> 34 | I5: мужской | M5: 9 | N5: 34 | O5: =G5 -> 9 | P5: =H5 -> 34
B6: 3 | C6: 2300 | D6: 11 | E6: 55 | F6: =IF(I6="женский",0,1) -> 1 | G6: =D6*F6 -> 11 | H6: =E6*F6 -> 55 | I6: мужской | M6: 11 | N6: 55 | O6: =G6 -> 11 | P6: =H6 -> 55
B7: 4 | C7: 1350 | D7: 3 | E7: 24 | F7: =IF(I7="женский",0,1) -> 0 | G7: =D7*F7 -> 0 | H7: =E7*F7 -> 0 | I7: женский | M7: 3 | N7: 24 | O7: =G7 -> 0 | P7: =H7 -> 0
B8: 5 | C8: 1650 | D8: 2 | E8: 42 | F8: =IF(I8="женский",0,1) -> 1 | G8: =D8*F8 -> 2 | H8: =E8*F8 -> 42 | I8: мужской | M8: 2 | N8: 42 | O8: =G8 -> 2 | P8: =H8 -> 42
B9: 6 | C9: 1750 | D9: 1 | E9: 43 | F9: =IF(I9="женский",0,1) -> 1 | G9: =D9*F9 -> 1 | H9: =E9*F9 -> 43 | I9: мужской | M9: 1 | N9: 43 | O9: =G9 -> 1 | P9: =H9 -> 43
B10: 7 | C10: 1550 | D10: 4 | E10: 37 | F10: =IF(I10="женский",0,1) -> 0 | G10: =D10*F10 -> 0 | H10: =E10*F10 -> 0 | I10: женский | M10: 4 | N10: 37 | O10: =G10 -> 0 | P10: =H10 -> 0
B11: 8 | C11: 1400 | D11: 1 | E11: 18 | F11: =IF(I11="женский",0,1) -> 1 | G11: =D11*F11 -> 1 | H11: =E11*F11 -> 18 | I11: мужской | M11: 1 | N11: 18 | O11: =G11 -> 1 | P11: =H11 -> 18
B12: 9 | C12: 1700 | D12: 3 | E12: 63 | F12: =IF(I12="женский",0,1) -> 0 | G12: =D12*F12 -> 0 | H12: =E12*F12 -> 0 | I12: женский | M12: 3 | N12: 63 | O12: =G12 -> 0 | P12: =H12 -> 0
B13: 10 | C13: 2000 | D13: 4 | E13: 58 | F13: =IF(I13="женский",0,1) -> 1 | G13: =D13*F13 -> 4 | H13: =E13*F13 -> 58 | I13: мужской | M13: 4 | N13: 58 | O13: =G13 -> 4 | P13: =H13 -> 58
B14: 11 | C14: 1350 | D14: 1 | E14: 30 | F14: =IF(I14="женский",0,1) -> 0 | G14: =D14*F14 -> 0 | H14: =E14*F14 -> 0 | I14: женский | M14: 1 | N14: 30 | O14: =G14 -> 0 | P14: =H14 -> 0
B15: 12 | C15: 1600 | D15: 2 | E15: 43 | F15: =IF(I15="женский",0,1) -> 1 | G15: =D15*F15 -> 2 | H15: =E15*F15 -> 43 | I15: мужской | M15: 2 | N15: 43 | O15: =G15 -> 2 | P15: =H15 -> 43
... B23: 20 | C23: 1550 | D23: 2 | E23: 41 | F23: =IF(I23="женский",0,1) -> 1 | G23: =D23*F23 -> 2 | H23: =E23*F23 -> 41 | I23: мужской | M23: 2 | N23: 41 | O23: =G23 -> 2 | P23: =H23 -> 41
C27: 1. Модель с фиктивными переменнами сдвига | M27: 2. Модель с фиктивными переменнами наклона | X27: 3. Модель с фиктивными переменнами общего вида
C29: ВЫВОД ИТОГОВ | M29: ВЫВОД ИТОГОВ | X29: ВЫВОД ИТОГОВ
C31: Регрессионная статистика | M31: Регрессионная статистика | X31: Регрессионная статистика
C32: Множественный R | D32: 0.90010475 | M32: Множественный R | N32: 0.93872616 | X32: Множественный R | Y32: 0.9407085
C33: R-квадрат | D33: 0.81018856 | M33: R-квадрат | N33: 0.8812068 | X33: R-квадрат | Y33: 0.88493248
C34: Нормированный R-квадрат | D34: 0.77459892 | M34: Нормированный R-квадрат | N34: 0.84952861 | X34: Нормированный R-квадрат | Y34: 0.84383694
C35: Стандартная ошибка | D35: 178.32372 | M35: Стандартная ошибка | N35: 145.6995 | X35: Стандартная ошибка | Y35: 148.42951
C36: Наблюдения | D36: 20 | M36: Наблюдения | N36: 20 | X36: Наблюдения | Y36: 20
C38: Дисперсионный анализ | M38: Дисперсионный анализ | X38: Дисперсионный анализ
D39: df | E39: SS | F39: MS | G39: F | H39: Значимость F | N39: df | O39: SS | P39: MS | Q39: F | R39: Значимость F | Y39: df | Z39: SS | AA39: MS | AB39: F | AC39: Значимость F
C40: Регрессия | D40: 3 | E40: 2171710.4 | F40: 723903.48 | G40: 22.764727 | H40: 5.1282879e-06 | M40: Регрессия | N40: 4 | O40: 2362074.8 | P40: 590518.7 | Q40: 27.817463 | R40: 8.7552275e-07 | X40: Регрессия | Y40: 5 | Z40: 2372061.5 | AA40: 474412.3 | AB40: 21.53354 | AC40: 4.0561706e-06
C41: Остаток | D41: 16 | E41: 508789.56 | F41: 31799.348 | M41: Остаток | N41: 15 | O41: 318425.18 | P41: 21228.345 | X41: Остаток | Y41: 14 | Z41: 308438.48 | AA41: 22031.32
C42: Итого | D42: 19 | E42: 2680500 | M42: Итого | N42: 19 | O42: 2680500 | X42: Итого | Y42: 19 | Z42: 2680500
D44: Коэффициенты | E44: Стандартная ошибка | F44: t-статистика | G44: P-Значение | H44: Нижние 95% | I44: Верхние 95% | J44: Нижние 95,0% | K44: Верхние 95,0% | N44: Коэффициенты | O44: Стандартная ошибка | P44: t-статистика | Q44: P-Значение | R44: Нижние 95% | S44: Верхние 95% | T44: Нижние 95,0% | U44: Верхние 95,0% | Y44: Коэффициенты | Z44: Стандартная ошибка | AA44: t-статистика | AB44: P-Значение | AC44: Нижние 95% | AD44: Верхние 95% | AE44: Нижние 95,0% | AF44: Верхние 95,0%
C45: Y-пересечение | D45: 840.96772 | E45: 133.20072 | F45: 6.3135373 | G45: 1.0309503e-05 | H45: 558.59481 | I45: 1123.3406 | J45: 558.59481 | K45: 1123.3406 | M45: Y-пересечение | N45: 989.27743 | O45: 102.37314 | P45: 9.6634475 | Q45: 7.8250261e-08 | R45: 771.07425 | S45: 1207.4806 | T45: 771.07425 | U45: 1207.4806 | X45: Y-пересечение | Y45: 1072.6681 | Z45: 161.91877 | AA45: 6.62473 | AB45: 1.1422614e-05 | AC45: 725.38691 | AD45: 1419.9493 | AE45: 725.38691 | AF45: 1419.9493
C46: Образование, лет (x1) | D46: 49.841774 | E46: 16.277424 | F46: 3.0620186 | G46: 0.0074491691 | H46: 15.335177 | I46: 84.348371 | J46: 15.335177 | K46: 84.348371 | M46: Образование, лет (x1) | N46: 10.585848 | O46: 27.593254 | P46: 0.38363899 | Q46: 0.70662901 | R46: -48.22778 | S46: 69.399476 | T46: -48.22778 | U46: 69.399476 | X46: Образование, лет (x1) | Y46: 15.233043 | Z46: 28.945306 | AA46: 0.5262699 | AB46: 0.60693795 | AC46: -46.848464 | AD46: 77.314551 | AE46: -46.848464 | AF46: 77.314551
C47: Возраст, лет (x2) | D47: 11.754119 | E47: 3.452031 | F47: 3.4049864 | G47: 0.0036218553 | H47: 4.4361399 | I47: 19.072098 | J47: 4.4361399 | K47: 19.072098 | M47: Возраст, лет (x2) | N47: 10.762287 | O47: 3.7128619 | P47: 2.89865 | Q47: 0.011024819 | R47: 2.8485095 | S47: 18.676065 | T47: 2.8485095 | U47: 18.676065 | X47: Возраст, лет (x2) | Y47: 8.5270092 | Z47: 5.0328247 | AA47: 1.694279 | AB47: 0.11233181 | AC47: -2.2673263 | AD47: 19.321345 | AE47: -2.2673263 | AF47: 19.321345
C48: Фиктивная переменная (z) | D48: 312.81641 | E48: 83.256796 | F48: 3.7572478 | G48: 0.0017212248 | H48: 136.31989 | I48: 489.31293 | J48: 136.31989 | K48: 489.31293 | M48: x1 * z | N48: 50.077325 | O48: 31.324876 | P48: 1.598644 | Q48: 0.13074697 | R48: -16.690068 | S48: 116.84472 | T48: -16.690068 | U48: 116.84472 | X48: Фиктивная переменная (z) | Y48: -142.5142 | Z48: 211.67397 | AA48: -0.67327222 | AB48: 0.51173612 | AC48: -596.50972 | AD48: 311.48131 | AE48: -596.50972 | AF48: 311.48131
M49: x2 * z | N49: 4.0846 | O49: 3.1361836 | P49: 1.302411 | Q49: 0.21241918 | R49: -2.6000171 | S49: 10.769217 | T49: -2.6000171 | U49: 10.769217 | X49: x1 * z | Y49: 45.101451 | Z49: 32.756448 | AA49: 1.3768725 | AB49: 0.19017118 | AC49: -25.154141 | AD49: 115.35704 | AE49: -25.154141 | AF49: 115.35704
X50: x2 * z | Y50: 7.669345 | Z50: 6.2093894 | AA50: 1.2351206 | AB50: 0.23711291 | AC50: -5.6484708 | AD50: 20.987161 | AE50: -5.6484708 | AF50: 20.987161
C52: ВЫВОД ОСТАТКА
C54: Наблюдение | D54: Предсказанное Заработная плата, евро (y) | E54: Остатки
C55: 1 | D55: 1219.9248 | E55: 30.07518
C56: 2 | D56: 2002.0001 | E56: -52.000137
C57: 3 | D57: 2348.5202 | E57: -48.52018
C58: 4 | D58: 1272.5919 | E58: 77.408106
C59: 5 | D59: 1747.1407 | E59: -97.140667
C60: 6 | D60: 1709.053 | E60: 40.946988
C61: 7 | D61: 1475.2372 | E61: 74.762788
C62: 8 | D62: 1415.2 | E62: -15.200042
C63: 9 | D63: 1731.0025 | E63: -31.002527
C64: 10 | D64: 2034.8901 | E64: -34.890117
C65: 11 | D65: 1243.4331 | E65: 106.56694
C66: 12 | D66: 1758.8948 | E66: -158.89479
... C74: 20 | D74: 1735.3865 | E74: -185.38655
C78: Если нам важна значимость всех параметров больше, чем наибольший R^2, то в качесвте наиболее точной модели выберем первую
C80: Анализ модели на гомоскедастичность (тест Уайта) | I80: ВЫВОД ИТОГОВ
C82: ε² | D82: x1 | E82: x1^2 | F82: x2 | G82: x2^2 | I82: Регрессионная статистика
C83: =E55^2 -> 904.51643 | D83: =D4 -> 1 | E83: =D83^2 -> 1 | F83: =E4 -> 28 | G83: =F83^2 -> 784 | I83: Множественный R | J83: 0.63426407
C84: =E56^2 -> 2704.0142 | D84: =D5 -> 9 | E84: =D84^2 -> 81 | F84: =E5 -> 34 | G84: =F84^2 -> 1156 | I84: R-квадрат | J84: 0.40229092
C85: =E57^2 -> 2354.2079 | D85: =D6 -> 11 | E85: =D85^2 -> 121 | F85: =E6 -> 55 | G85: =F85^2 -> 3025 | I85: Нормированный R-квадрат | J85: 0.24290183
C86: =E58^2 -> 5992.0149 | D86: =D7 -> 3 | E86: =D86^2 -> 9 | F86: =E7 -> 24 | G86: =F86^2 -> 576 | I86: Стандартная ошибка | J86: 40947.11
C87: =E59^2 -> 9436.3092 | D87: =D8 -> 2 | E87: =D87^2 -> 4 | F87: =E8 -> 42 | G87: =F87^2 -> 1764 | I87: Наблюдения | J87: 20
C88: =E60^2 -> 1676.6558 | D88: =D9 -> 1 | E88: =D88^2 -> 1 | F88: =E9 -> 43 | G88: =F88^2 -> 1849
C89: =E61^2 -> 5589.4744 | D89: =D10 -> 4 | E89: =D89^2 -> 16 | F89: =E10 -> 37 | G89: =F89^2 -> 1369 | I89: Дисперсионный анализ
C90: =E62^2 -> 231.04127 | D90: =D11 -> 1 | E90: =D90^2 -> 1 | F90: =E11 -> 18 | G90: =F90^2 -> 324 | J90: df | K90: SS | L90: MS | M90: F | N90: Значимость F
C91: =E63^2 -> 961.15669 | D91: =D12 -> 3 | E91: =D91^2 -> 9 | F91: =E12 -> 63 | G91: =F91^2 -> 3969 | I91: Регрессия | J91: 4 | K91: 1.6927318e+10 | L91: 4.2318294e+09 | M91: 2.5239552 | N91: 0.084643852
C92: =E64^2 -> 1217.3202 | D92: =D13 -> 4 | E92: =D92^2 -> 16 | F92: =E13 -> 58 | G92: =F92^2 -> 3364 | I92: Остаток | J92: 15 | K92: 2.5149987e+10 | L92: 1.6766658e+09
C93: =E65^2 -> 11356.513 | D93: =D14 -> 1 | E93: =D93^2 -> 1 | F93: =E14 -> 30 | G93: =F93^2 -> 900 | I93: Итого | J93: 19 | K93: 4.2077305e+10
C94: =E66^2 -> 25247.553 | D94: =D15 -> 2 | E94: =D94^2 -> 4 | F94: =E15 -> 43 | G94: =F94^2 -> 1849
C95: =E67^2 -> 15329.513 | D95: =D16 -> 2 | E95: =D95^2 -> 4 | F95: =E16 -> 23 | G95: =F95^2 -> 529 | J95: Коэффициенты | K95: Стандартная ошибка | L95: t-статистика | M95: P-Значение | N95: Нижние 95% | O95: Верхние 95% | P95: Нижние 95,0% | Q95: Верхние 95,0%
C96: =E68^2 -> 2514.616 | D96: =D17 -> 3 | E96: =D96^2 -> 9 | F96: =E17 -> 21 | G96: =F96^2 -> 441 | I96: Y-пересечение | J96: -26723.669 | K96: 86225.093 | L96: -0.30992914 | M96: 0.76087901 | N96: -210508.1 | O96: 157060.77 | P96: -210508.1 | Q96: 157060.77
C97: =E69^2 -> 95765.049 | D97: =D18 -> 6 | E97: =D97^2 -> 36 | F97: =E18 -> 50 | G97: =F97^2 -> 2500 | I97: x1 | J97: 23641.406 | K97: 14258.051 | L97: 1.6581092 | M97: 0.11805514 | N97: -6748.9113 | O97: 54031.723 | P97: -6748.9113 | Q97: 54031.723
C98: =E70^2 -> 116832.22 | D98: =D19 -> 9 | E98: =D98^2 -> 81 | F98: =E19 -> 64 | G98: =F98^2 -> 4096 | I98: x1^2 | J98: -1785.5719 | K98: 1223.7709 | L98: -1.4590737 | M98: 0.16516771 | N98: -4393.9778 | O98: 822.83404 | P98: -4393.9778 | Q98: 822.83404
C99: =E71^2 -> 1299.0423 | D99: =D20 -> 1 | E99: =D99^2 -> 1 | F99: =E20 -> 36 | G99: =F99^2 -> 1296 | I99: x2 | J99: -894.09073 | K99: 4251.5799 | L99: -0.21029611 | M99: 0.83626647 | N99: -9956.1189 | O99: 8167.9374 | P99: -9956.1189 | Q99: 8167.9374
C100: =E72^2 -> 172710.53 | D100: =D21 -> 7 | E100: =D100^2 -> 49 | F100: =E21 -> 58 | G100: =F100^2 -> 3364 | I100: x2^2 | J100: 22.706865 | K100: 51.33543 | L100: 0.44232346 | M100: 0.66456637 | N100: -86.712013 | O100: 132.12574 | P100: -86.712013 | Q100: 132.12574
C101: =E73^2 -> 2299.6411 | D101: =D22 -> 2 | E101: =D101^2 -> 4 | F101: =E22 -> 35 | G101: =F101^2 -> 1225
C102: =E74^2 -> 34368.172 | D102: =D23 -> 2 | E102: =D102^2 -> 4 | F102: =E23 -> 41 | G102: =F102^2 -> 1681 | I102: Значимость F > 0,05 то есть, не следует отвергать нулевую гипотезу о том, что дисперсия случайных остатков гомоскедастична
C106: Анализ нормальности случайных остатков (RS тест)
C108: R | D108: S | E108: R/S | F108: Rsmin | G108: Rsmax
C109: =MAX(E55:E74)-MIN(E55:E74) -> 757.39185 | D109: =SQRT(SUMSQ(E55:E74) / (20-1)) -> 163.64106 | E109: =C109/D109 -> 4.6283728 | F109: =3.18 -> 3.18 | G109: 4.49
C111: Следовательно, не следует отвергать нулевую гипотезу о нормальности распределения случайных остатков
C116: Анализ однородности совокупности (Тест Чоу)
C119: Заработная плата, евро (y) | D119: Образование, лет (x1) | E119: Возраст, лет (x2) | F119: Фиктивная переменная (z)
C120: 1250 | D120: 1 | E120: 28 | F120: 0
C121: 1350 | D121: 3 | E121: 24 | F121: 0
C122: 1550 | D122: 4 | E122: 37 | F122: 0
C123: 1700 | D123: 3 | E123: 63 | F123: 0
C124: 1350 | D124: 1 | E124: 30 | F124: 0
C125: 1700 | D125: 9 | E125: 64 | F125: 0
C126: 1350 | D126: 1 | E126: 36 | F126: 0
C127: 1400 | D127: 2 | E127: 35 | F127: 0
C128: 1950 | D128: 9 | E128: 34 | F128: 1
C129: 2300 | D129: 11 | E129: 55 | F129: 1
C130: 1650 | D130: 2 | E130: 42 | F130: 1
C131: 1750 | D131: 1 | E131: 43 | F131: 1
... C139: 1550 | D139: 2 | E139: 41 | F139: 1
C143: Регрессия при z=0 | M143: Регрессия при z=1
C145: ВЫВОД ИТОГОВ
M146: ВЫВОД ИТОГОВ
C147: Регрессионная статистика
C148: Множественный R | D148: 0.94056931 | M148: Регрессионная статистика
C149: R-квадрат | D149: 0.88467063 | M149: Множественный R | N149: 0.91637881
C150: Нормированный R-квадрат | D150: 0.83853888 | M150: R-квадрат | N150: 0.83975013
C151: Стандартная ошибка | D151: 69.130029 | M151: Нормированный R-квадрат | N151: 0.80413905
C152: Наблюдения | D152: 8 | M152: Стандартная ошибка | N152: 177.80879
...

Sheet З-11. Системы эконометрич. ур. 
B9: Задача 1 | K9: Задача 2 | U9: Задача 3
B11: Определим переменные: | K11: Определим переменные:
B12: Эндогенные | C12: Rt Yt | F12: {=_xlfn.IFS(C19+1 = D19, "")} | K12: Эндогенные | L12: Yt It Ct Qt
B13: Экзогенные | C13: Mt It | K13: Экзогенные | L13: Pt Rt
K14: Лаговые | L14: Yt-1 Ct-1 Qt-1
B16: 1. Проверим условия идентификации: | K16: 1. Проверим условия идентификации:
B18: Необходимость | C18: D | D18: H | E18: Тип уравнения | K18: Необходимость | L18: D | M18: H | N18: Тип уравнения
B19: 1 уравнение | C19: 1 | D19: 2 | E19: {=_xlfn.IFS(C19+1=D19, "Точно идентифицируемое", C19+1>D19, "Сверхидентифицируемое", C19+1<D19, "Неидентифицируемое")} -> Точно идентифицируемое | K19: 1 уравнение | L19: 4 | M19: 2 | N19: {=_xlfn.IFS(L19+1=M19, "Точно идентифицируемое", L19+1>M19, "Сверхидентифицируемое", L19+1<M19, "Неидентифицируемое")} -> Сверхидентифицируемое
B20: 2 уравнение | C20: 1 | D20: 2 | E20: {=_xlfn.IFS(C20+1=D20, "Точно идентифицируемое", C20+1>D20, "Сверхидентифицируемое", C20+1<D20, "Неидентифицируемое")} -> Точно идентифицируемое | K20: 2 уравнение | L20: 5 | M20: 3 | N20: {=_xlfn.IFS(L20+1=M20, "Точно идентифицируемое", L20+1>M20, "Сверхидентифицируемое", L20+1<M20, "Неидентифицируемое")} -> Сверхидентифицируемое
K21: 3 уравнение | L21: 3 | M21: 2 | N21: {=_xlfn.IFS(L21+1=M21, "Точно идентифицируемое", L21+1>M21, "Сверхидентифицируемое", L21+1<M21, "Неидентифицируемое")} -> Сверхидентифицируемое
K22: 4 уравнение | L22: 3 | M22: 1 | N22: {=_xlfn.IFS(L22+1=M22, "Точно идентифицируемое", L22+1>M22, "Сверхидентифицируемое", L22+1<M22, "Неидентифицируемое")} -> Сверхидентифицируемое
B24: Достаточность | C24: Ранк | D24: K | E24: Тип уравнения | K24: Достаточность | L24: Ранк | M24: K | N24: Тип уравнения
B25: 1 уравнение | C25: 1 | D25: 2 | E25: {=_xlfn.IFS(C25>=D25-1, "Идентифицируемое", C25<D25-1, "Неидентифицируемое")} -> Идентифицируемое | K25: 1 уравнение | L25: 3 | M25: 4 | N25: {=_xlfn.IFS(L25>=M25-1, "Идентифицируемое", L25<M25-1, "Неидентифицируемое")} -> Идентифицируемое
B26: 2 уравнение | C26: 1 | D26: 2 | E26: {=_xlfn.IFS(C26>=D26-1, "Идентифицируемое", C26<D26-1, "Неидентифицируемое")} -> Идентифицируемое | K26: 2 уравнение | L26: 3 | M26: 4 | N26: {=_xlfn.IFS(L26>=M26-1, "Идентифицируемое", L26<M26-1, "Неидентифицируемое")} -> Идентифицируемое
K27: 3 уравнение | L27: 3 | M27: 4 | N27: {=_xlfn.IFS(L27>=M27-1, "Идентифицируемое", L27<M27-1, "Неидентифицируемое")} -> Идентифицируемое
K28: 4 уравнение | L28: 3 | M28: 4 | N28: {=_xlfn.IFS(L28>=M28-1, "Идентифицируемое", L28<M28-1, "Неидентифицируемое")} -> Идентифицируемое
B32: 2. Метод оценки папаметров: | K32: 2. Метод оценки папаметров:
B33: Так как все уравнения точно индентифицируемы, то и система уравнений являтеся точно индентифицируемой. В таком случае следует применить косвенный метод наиеньших квадратов (КМНК) | K33: Так как есть сверхидентифицированные уравнения в системе, то следует применять для оценки параметров двухэтапный метод наименьших квадратов (ДМНК), так как КМНК будет неточен при сверхидентифицированных уравнениях
B36: 3. Приведенная форма модели: | K36: 3. Приведенная форма модели:

Sheet З-12. Решение систем
B3: Задача 2
B5: Определим переменные:
B6: Эндогенные | C6: y1, y2, y3
B7: Экзогенные | C7: x1, x2, x3
B10: 1. Проверим условия идентификации:
B12: Необходимость | C12: D | D12: H | E12: Тип уравнения
B13: 1 уравнение | C13: 1 | D13: 2 | E13: {=_xlfn.IFS(C13+1=D13, "Точно индентифицируемое", C13+1>D13, "Сверхиндентифицируемое", C13+1<D13, "Неидентифицируемое")} -> Точно индентифицируемое
B14: 2 уравнение | C14: 1 | D14: 2 | E14: {=_xlfn.IFS(C14+1=D14, "Точно индентифицируемое", C14+1>D14, "Сверхиндентифицируемое", C14+1<D14, "Неидентифицируемое")} -> Точно индентифицируемое
B15: 3 уравнение | C15: 1 | D15: 1 | E15: {=_xlfn.IFS(C15+1=D15, "Точно индентифицируемое", C15+1>D15, "Сверхиндентифицируемое", C15+1<D15, "Неидентифицируемое")} -> Сверхиндентифицируемое
B18: Достаточность | C18: Ранк | D18: K | E18: Тип уравнения
B19: 1 уравнение | C19: 2 | D19: 3 | E19: {=_xlfn.IFS(C19>=D19-1, "Идентифицируемое", C19<D19-1, "Неидентифицируемое")} -> Идентифицируемое
B20: 2 уравнение | C20: 2 | D20: 3 | E20: {=_xlfn.IFS(C20>=D20-1, "Идентифицируемое", C20<D20-1, "Неидентифицируемое")} -> Идентифицируемое
B21: 3 уравнение | C21: 2 | D21: 3 | E21: {=_xlfn.IFS(C21>=D21-1, "Идентифицируемое", C21<D21-1, "Неидентифицируемое")} -> Идентифицируемое
B26: 2. Метод оценки папаметров:
B27: Так как есть сверхидентифицированные уравнения в системе, то следует применять для оценки параметров двухэтапный метод наименьших квадратов (ДМНК), так как КМНК будет неточен при сверхидентифицированных уравнениях

Sheet З-13. Оценка параметров
B3: СФМ | C3: Y1=f(Y3,X1,X2) | E3: (функции f являются линейныеми регрессиями)
C4: Y2=f(X2,X3)
C5: Y3=f(Y1,Y2,X2)
C7: Проверьте систему на идентифицированность
C8: Укажите способ ее решения и примените его, использовав приведенные ниже данные
C10: Эндогенные | F10: Экзогенные | I10: Расчетные
C11: у1 | D11: у2 | E11: у3 | F11: х1 | G11: х2 | H11: х3 | I11: ŷ1 | J11: ŷ2 | K11: ŷ3 | M11: 1. Проверим систему на идентифицированность
B12: 1 | C12: 335 | D12: 240 | E12: 342 | F12: 22.2 | G12: 9.3 | H12: 178 | I12: =N59 -> 338.02421 | J12: =X59 -> 217.73795 | K12: =AH59 -> 277.72907
B13: 2 | C13: 379 | D13: 226 | E13: 323 | F13: 19.2 | G13: 12.1 | H13: 202 | I13: =N60 -> 350.14117 | J13: =X60 -> 220.21474 | K13: =AH60 -> 310.19798 | M13: Необходимость | N13: D | O13: H | P13: Тип уравнения
B14: 3 | C14: 343 | D14: 221 | E14: 312 | F14: 29.9 | G14: 14.9 | H14: 197 | I14: =N61 -> 291.27785 | J14: =X61 -> 214.12622 | K14: =AH61 -> 89.482665 | M14: 1 уравнение | N14: 1 | O14: 2 | P14: {=_xlfn.IFS(N14+1=O14, "Точно идентифицируемое", N14+1>O14, "Сверхидентифицируемое", N14+1<O14, "Неидентифицируемое")} -> Точно идентифицируемое
B15: 4 | C15: 391 | D15: 226 | E15: 433 | F15: 16.5 | G15: 8.3 | H15: 201 | I15: =N62 -> 405.66086 | J15: =X62 -> 224.28815 | K15: =AH62 -> 501.49411 | M15: 2 уравнение | N15: 1 | O15: 1 | P15: {=_xlfn.IFS(N15+1=O15, "Точно идентифицируемое", N15+1>O15, "Сверхидентифицируемое", N15+1<O15, "Неидентифицируемое")} -> Сверхидентифицируемое
B16: 5 | C16: 407 | D16: 220 | E16: 415 | F16: 27.5 | G16: 8.8 | H16: 189 | I16: =N63 -> 365.45845 | J16: =X63 -> 219.02863 | K16: =AH63 -> 346.10863 | M16: 3 уравнение | N16: 2 | O16: 3 | P16: {=_xlfn.IFS(N16+1=O16, "Точно идентифицируемое", N16+1>O16, "Сверхидентифицируемое", N16+1<O16, "Неидентифицируемое")} -> Точно идентифицируемое
B17: 6 | C17: 727 | D17: 250 | E17: 1708 | F17: 13.3 | G17: 5.2 | H17: 302 | I17: =N64 -> 669.44386 | J17: =X64 -> 246.751 | K17: =AH64 -> 1313.5109
B18: 7 | C18: 482 | D18: 237 | E18: 369 | F18: 18.2 | G18: 9.5 | H18: 215 | I18: =N65 -> 416.85388 | J18: =X65 -> 225.34645 | K18: =AH65 -> 524.39324
B19: 8 | C19: 346 | D19: 232 | E19: 404 | F19: 18.1 | G19: 7.3 | H19: 166 | I19: =N66 -> 344.44338 | J19: =X66 -> 218.37282 | K19: =AH66 -> 318.29536 | M19: Достаточность | N19: Ранк | O19: K | P19: Тип уравнения
B20: 9 | C20: 394 | D20: 215 | E20: 327 | F20: 16.5 | G20: 6.4 | H20: 199 | I20: =N67 -> 429.33109 | J20: =X67 -> 225.73296 | K20: =AH67 -> 580.87449 | M20: 1 уравнение | N20: 2 | O20: 3 | P20: {=_xlfn.IFS(N20>=O20-1, "Идентифицируемое", N20<O20-1, "Неидентифицируемое")} -> Идентифицируемое
B21: 10 | C21: 339 | D21: 220 | E21: 379 | F21: 21.5 | G21: 9.6 | H21: 180 | I21: =N68 -> 338.34671 | J21: =X68 -> 217.98506 | K21: =AH68 -> 279.4263 | M21: 2 уравнение | N21: 2 | O21: 3 | P21: {=_xlfn.IFS(N21>=O21-1, "Идентифицируемое", N21<O21-1, "Неидентифицируемое")} -> Идентифицируемое
B22: 11 | C22: 417 | D22: 222 | E22: 339 | F22: 20.9 | G22: 8 | H22: 181 | I22: =N69 -> 364.41378 | J22: =X69 -> 219.83949 | K22: =AH69 -> 366.40353 | M22: 3 уравнение | N22: 2 | O22: 3 | P22: {=_xlfn.IFS(N22>=O22-1, "Идентифицируемое", N22<O22-1, "Неидентифицируемое")} -> Идентифицируемое
B23: 12 | C23: 423 | D23: 231 | E23: 432 | F23: 18 | G23: 5.9 | H23: 186 | I23: =N70 -> 407.8939 | J23: =X70 -> 223.44853 | K23: =AH70 -> 514.58701
B24: 13 | C24: 450 | D24: 229 | E24: 460 | F24: 26.6 | G24: 11.5 | H24: 250 | I24: =N71 -> 456.84056 | J24: =X71 -> 227.98493 | K24: =AH71 -> 609.62708 | M24: Следовательно, система сверхидентифицирована, так как 2 уравнение сверхидентифицировано
B25: 14 | C25: 286 | D25: 203 | E25: 264 | F25: 15.7 | G25: 11.2 | H25: 201 | I25: =N72 -> 363.52299 | J25: =X72 -> 221.70167 | K25: =AH72 -> 364.77195
B26: 15 | C26: 303 | D26: 207 | E26: 296 | F26: 23.1 | G26: 10.2 | H26: 221 | I26: =N73 -> 416.19897 | J26: =X73 -> 224.65432 | K26: =AH73 -> 504.56836
B27: 16 | C27: 286 | D27: 198 | E27: 285 | F27: 24 | G27: 9.6 | H27: 178 | I27: =N74 -> 332.43745 | J27: =X74 -> 217.0334 | K27: =AH74 -> 254.27421 | M27: 2. Способ решения: ДМНК (так как 2 уравнение - сверхидентифицировано)
B28: 17 | C28: 369 | D28: 226 | E28: 383 | F28: 17.7 | G28: 9.3 | H28: 224 | I28: =N75 -> 439.37793 | J28: =X75 -> 227.32508 | K28: =AH75 -> 594.11545
B29: 18 | C29: 443 | D29: 227 | E29: 392 | F29: 20.6 | G29: 7.8 | H29: 180 | I29: =N76 -> 365.41188 | J29: =X76 -> 219.91459 | K29: =AH76 -> 371.19499
B30: 19 | C30: 420 | D30: 217 | E30: 375 | F30: 20.6 | G30: 5.5 | H30: 161 | I30: =N77 -> 358.59378 | J30: =X77 -> 218.58468 | K30: =AH77 -> 361.2785 | M30: Первый МНК
B31: 20 | C31: 322 | D31: 218 | E31: 329 | F31: 15.2 | G31: 7.4 | H31: 165 | I31: =N78 -> 342.72379 | J31: =X78 -> 218.76459 | K31: =AH78 -> 321.39218
B32: 21 | C32: 167 | D32: 201 | E32: 336 | F32: 26.3 | G32: 6 | H32: 167 | I32: =N79 -> 360.35926 | J32: =X79 -> 217.89806 | K32: =AH79 -> 347.19918 | M32: y1 = f(x1, x2, x3) | W32: y2 = f(x1, x2, x3) | AG32: y3 = f(x1, x2, x3)
B33: 22 | C33: 443 | D33: 222 | E33: 364 | F33: 32.5 | G33: 6.3 | H33: 176 | I33: =N80 -> 371.1594 | J33: =X80 -> 217.8437 | K33: =AH80 -> 359.53158 | M33: ВЫВОД ИТОГОВ | W33: ВЫВОД ИТОГОВ | AG33: ВЫВОД ИТОГОВ
B34: 23 | C34: 316 | D34: 209 | E34: 305 | F34: 15.4 | G34: 10.1 | H34: 145 | I34: =N81 -> 260.08484 | J34: =X81 -> 212.42298 | K34: =AH81 -> 61.543184
M35: Регрессионная статистика | W35: Регрессионная статистика | AG35: Регрессионная статистика
M36: Множественный R | N36: 0.75700662 | W36: Множественный R | X36: 0.53850305 | AG36: Множественный R | AH36: 0.84538231
M37: R-квадрат | N37: 0.57305903 | W37: R-квадрат | X37: 0.28998554 | AG37: R-квадрат | AH37: 0.71467125
M38: Нормированный R-квадрат | N38: 0.50564729 | W38: Нормированный R-квадрат | X38: 0.17787799 | AG38: Нормированный R-квадрат | AH38: 0.66961934
M39: Стандартная ошибка | N39: 72.23309 | W39: Стандартная ошибка | X39: 11.44212 | AG39: Стандартная ошибка | AH39: 164.4692
M40: Наблюдения | N40: 23 | W40: Наблюдения | X40: 23 | AG40: Наблюдения | AH40: 23
M42: Дисперсионный анализ | W42: Дисперсионный анализ | AG42: Дисперсионный анализ
N43: df | O43: SS | P43: MS | Q43: F | R43: Значимость F | X43: df | Y43: SS | Z43: MS | AA43: F | AB43: Значимость F | AH43: df | AI43: SS | AJ43: MS | AK43: F | AL43: Значимость F
M44: Регрессия | N44: 3 | O44: 133063.06 | P44: 44354.353 | Q44: 8.5008796 | R44: 0.00087130853 | W44: Регрессия | X44: 3 | Y44: 1015.958 | Z44: 338.65268 | AA44: 2.5866728 | AB44: 0.083207307 | AG44: Регрессия | AH44: 3 | AI44: 1287311.1 | AJ44: 429103.7 | AK44: 15.863285 | AL44: 2.0833488e-05
M45: Остаток | N45: 19 | O45: 99134.766 | P45: 5217.6193 | W45: Остаток | X45: 19 | Y45: 2487.5202 | Z45: 130.92212 | AG45: Остаток | AH45: 19 | AI45: 513952.21 | AJ45: 27050.116
M46: Итого | N46: 22 | O46: 232197.83 | W46: Итого | X46: 22 | Y46: 3503.4783 | AG46: Итого | AH46: 22 | AI46: 1801263.3
N48: Коэффициенты | O48: Стандартная ошибка | P48: t-статистика | Q48: P-Значение | R48: Нижние 95% | S48: Верхние 95% | T48: Нижние 95,0% | U48: Верхние 95,0% | X48: Коэффициенты | Y48: Стандартная ошибка | Z48: t-статистика | AA48: P-Значение | AB48: Нижние 95% | AC48: Верхние 95% | AD48: Нижние 95,0% | AE48: Верхние 95,0% | AH48: Коэффициенты | AI48: Стандартная ошибка | AJ48: t-статистика | AK48: P-Значение | AL48: Нижние 95% | AM48: Верхние 95% | AN48: Нижние 95,0% | AO48: Верхние 95,0%
M49: Y-пересечение | N49: 108.4642 | O49: 123.92039 | P49: 0.87527319 | Q49: 0.39235601 | R49: -150.90417 | S49: 367.83257 | T49: -150.90417 | U49: 367.83257 | W49: Y-пересечение | X49: 198.72384 | Y49: 19.629675 | Z49: 10.123644 | AA49: 4.3162575e-09 | AB49: 157.63846 | AC49: 239.80922 | AD49: 157.63846 | AE49: 239.80922 | AG49: Y-пересечение | AH49: -299.50051 | AI49: 282.15722 | AJ49: -1.0614668 | AK49: 0.30178468 | AL49: -890.06235 | AM49: 291.06134 | AN49: -890.06235 | AO49: 291.06134
M50: х1 | N50: -0.65206183 | O50: 3.2064741 | P50: -0.2033579 | Q50: 0.84101739 | R50: -7.3632892 | S50: 6.0591655 | T50: -7.3632892 | U50: 6.0591655 | W50: х1 | X50: -0.2320934 | Y50: 0.5079232 | Z50: -0.45694585 | AA50: 0.65289117 | AB50: -1.2951889 | AC50: 0.83100208 | AD50: -1.2951889 | AE50: 0.83100208 | AG50: х1 | AH50: -4.945506 | AI50: 7.3008951 | AJ50: -0.67738351 | AK50: 0.50632778 | AL50: -20.226455 | AM50: 10.335443 | AN50: -20.226455 | AO50: 10.335443
M51: х2 | N51: -14.710177 | O51: 6.7225799 | P51: -2.1881744 | Q51: 0.04135445 | R51: -28.780699 | S51: -0.63965574 | T51: -28.780699 | U51: -0.63965574 | W51: х2 | X51: -0.9559135 | Y51: 1.0648938 | Z51: -0.89766089 | AA51: 0.38060078 | AB51: -3.1847618 | AC51: 1.2729348 | AD51: -3.1847618 | AE51: 1.2729348 | AG51: х2 | AH51: -48.509849 | AI51: 15.306798 | AJ51: -3.1691703 | AK51: 0.0050512289 | AL51: -80.547345 | AM51: -16.472353 | AN51: -80.547345 | AO51: -16.472353
M52: х3 | N52: 2.139553 | O52: 0.47211335 | P52: 4.5318629 | Q52: 0.00022808886 | R52: 1.1514084 | S52: 3.1276976 | T52: 1.1514084 | U52: 3.1276976 | W52: х3 | X52: 0.18571111 | Y52: 0.074785362 | Z52: 2.4832548 | AA52: 0.022520694 | AB52: 0.02918355 | AC52: 0.34223867 | AD52: 0.02918355 | AE52: 0.34223867 | AG52: х3 | AH52: 6.3941652 | AI52: 1.0749658 | AJ52: 5.9482497 | AK52: 1.0023525e-05 | AL52: 4.1442359 | AM52: 8.6440945 | AN52: 4.1442359 | AO52: 8.6440945
M56: ВЫВОД ОСТАТКА | W56: ВЫВОД ОСТАТКА | AG56: ВЫВОД ОСТАТКА
M58: Наблюдение | N58: Предсказанное у1 | O58: Остатки | W58: Наблюдение | X58: Предсказанное у2 | Y58: Остатки | AG58: Наблюдение | AH58: Предсказанное у3 | AI58: Остатки
M59: 1 | N59: 338.02421 | O59: -3.0242107 | W59: 1 | X59: 217.73795 | Y59: 22.262054 | AG59: 1 | AH59: 277.72907 | AI59: 64.270926
M60: 2 | N60: 350.14117 | O60: 28.858828 | W60: 2 | X60: 220.21474 | Y60: 5.7852644 | AG60: 2 | AH60: 310.19798 | AI60: 12.802019
M61: 3 | N61: 291.27785 | O61: 51.722151 | W61: 3 | X61: 214.12622 | Y61: 6.8737771 | AG61: 3 | AH61: 89.482665 | AI61: 222.51734
M62: 4 | N62: 405.66086 | O62: -14.660859 | W62: 4 | X62: 224.28815 | Y62: 1.7118521 | AG62: 4 | AH62: 501.49411 | AI62: -68.494107
M63: 5 | N63: 365.45845 | O63: 41.541546 | W63: 5 | X63: 219.02863 | Y63: 0.97136956 | AG63: 5 | AH63: 346.10863 | AI63: 68.891366
M64: 6 | N64: 669.44386 | O64: 57.556142 | W64: 6 | X64: 246.751 | Y64: 3.248999 | AG64: 6 | AH64: 1313.5109 | AI64: 394.48906
M65: 7 | N65: 416.85388 | O65: 65.146117 | W65: 7 | X65: 225.34645 | Y65: 11.653551 | AG65: 7 | AH65: 524.39324 | AI65: -155.39324
M66: 8 | N66: 344.44338 | O66: 1.5566174 | W66: 8 | X66: 218.37282 | Y66: 13.627177 | AG66: 8 | AH66: 318.29536 | AI66: 85.704636
M67: 9 | N67: 429.33109 | O67: -35.33109 | W67: 9 | X67: 225.73296 | Y67: -10.732961 | AG67: 9 | AH67: 580.87449 | AI67: -253.87449
M68: 10 | N68: 338.34671 | O68: 0.65329324 | W68: 10 | X68: 217.98506 | Y68: 2.01494 | AG68: 10 | AH68: 279.4263 | AI68: 99.573696
M69: 11 | N69: 364.41378 | O69: 52.58622 | W69: 11 | X69: 219.83949 | Y69: 2.1605112 | AG69: 11 | AH69: 366.40353 | AI69: -27.403531
M70: 12 | N70: 407.8939 | O70: 15.106103 | W70: 12 | X70: 223.44853 | Y70: 7.5514665 | AG70: 12 | AH70: 514.58701 | AI70: -82.587007
... M81: 23 | N81: 260.08484 | O81: 55.915159 | W81: 23 | X81: 212.42298 | Y81: -3.4229841 | AG81: 23 | AH81: 61.543184 | AI81: 243.45682
M85: Второй МНК
M87: y1 = f(x1, x2, ŷ3) | W87: y2 = f(x2, x3) | AG87: y3 = f(ŷ1, ŷ2, x2)
M89: у1 | N89: х1 | O89: х2 | P89: ŷ3 | W89: у2 | X89: х2 | Y89: х3 | AG89: у3 | AH89: х2 | AI89: ŷ1 | AJ89: ŷ2
M90: 335 | N90: 22.2 | O90: 9.3 | P90: =K12 -> 277.72907 | W90: 240 | X90: 9.3 | Y90: 178 | AG90: 342 | AH90: 9.3 | AI90: =I12 -> 338.02421 | AJ90: =J12 -> 217.73795
M91: 379 | N91: 19.2 | O91: 12.1 | P91: =K13 -> 310.19798 | W91: 226 | X91: 12.1 | Y91: 202 | AG91: 323 | AH91: 12.1 | AI91: =I13 -> 350.14117 | AJ91: =J13 -> 220.21474
M92: 343 | N92: 29.9 | O92: 14.9 | P92: =K14 -> 89.482665 | W92: 221 | X92: 14.9 | Y92: 197 | AG92: 312 | AH92: 14.9 | AI92: =I14 -> 291.27785 | AJ92: =J14 -> 214.12622
M93: 391 | N93: 16.5 | O93: 8.3 | P93: =K15 -> 501.49411 | W93: 226 | X93: 8.3 | Y93: 201 | AG93: 433 | AH93: 8.3 | AI93: =I15 -> 405.66086 | AJ93: =J15 -> 224.28815
M94: 407 | N94: 27.5 | O94: 8.8 | P94: =K16 -> 346.10863 | W94: 220 | X94: 8.8 | Y94: 189 | AG94: 415 | AH94: 8.8 | AI94: =I16 -> 365.45845 | AJ94: =J16 -> 219.02863
M95: 727 | N95: 13.3 | O95: 5.2 | P95: =K17 -> 1313.5109 | W95: 250 | X95: 5.2 | Y95: 302 | AG95: 1708 | AH95: 5.2 | AI95: =I17 -> 669.44386 | AJ95: =J17 -> 246.751
M96: 482 | N96: 18.2 | O96: 9.5 | P96: =K18 -> 524.39324 | W96: 237 | X96: 9.5 | Y96: 215 | AG96: 369 | AH96: 9.5 | AI96: =I18 -> 416.85388 | AJ96: =J18 -> 225.34645
M97: 346 | N97: 18.1 | O97: 7.3 | P97: =K19 -> 318.29536 | W97: 232 | X97: 7.3 | Y97: 166 | AG97: 404 | AH97: 7.3 | AI97: =I19 -> 344.44338 | AJ97: =J19 -> 218.37282
M98: 394 | N98: 16.5 | O98: 6.4 | P98: =K20 -> 580.87449 | W98: 215 | X98: 6.4 | Y98: 199 | AG98: 327 | AH98: 6.4 | AI98: =I20 -> 429.33109 | AJ98: =J20 -> 225.73296
M99: 339 | N99: 21.5 | O99: 9.6 | P99: =K21 -> 279.4263 | W99: 220 | X99: 9.6 | Y99: 180 | AG99: 379 | AH99: 9.6 | AI99: =I21 -> 338.34671 | AJ99: =J21 -> 217.98506
M100: 417 | N100: 20.9 | O100: 8 | P100: =K22 -> 366.40353 | W100: 222 | X100: 8 | Y100: 181 | AG100: 339 | AH100: 8 | AI100: =I22 -> 364.41378 | AJ100: =J22 -> 219.83949
M101: 423 | N101: 18 | O101: 5.9 | P101: =K23 -> 514.58701 | W101: 231 | X101: 5.9 | Y101: 186 | AG101: 432 | AH101: 5.9 | AI101: =I23 -> 407.8939 | AJ101: =J23 -> 223.44853
... M112: 316 | N112: 15.4 | O112: 10.1 | P112: =K34 -> 61.543184 | W112: 209 | X112: 10.1 | Y112: 145 | AG112: 305 | AH112: 10.1 | AI112: =I34 -> 260.08484 | AJ112: =J34 -> 212.42298
M115: ВЫВОД ИТОГОВ | W115: ВЫВОД ИТОГОВ | AG115: ВЫВОД ИТОГОВ
M117: Регрессионная статистика | W117: Регрессионная статистика | AG117: Регрессионная статистика
M118: Множественный R | N118: 0.75700662 | W118: Множественный R | X118: 0.53120888 | AG118: Множественный R | AH118: 0.84538231
M119: R-квадрат | N119: 0.57305903 | W119: R-квадрат | X119: 0.28218287 | AG119: R-квадрат | AH119: 0.71467125
M120: Нормированный R-квадрат | N120: 0.50564729 | W120: Нормированный R-квадрат | X120: 0.21040116 | AG120: Нормированный R-квадрат | AH120: 0.66961934
M121: Стандартная ошибка | N121: 72.23309 | W121: Стандартная ошибка | X121: 11.213511 | AG121: Стандартная ошибка | AH121: 164.4692
M122: Наблюдения | N122: 23 | W122: Наблюдения | X122: 23 | AG122: Наблюдения | AH122: 23
M124: Дисперсионный анализ | W124: Дисперсионный анализ | AG124: Дисперсионный анализ
N125: df | O125: SS | P125: MS | Q125: F | R125: Значимость F | X125: df | Y125: SS | Z125: MS | AA125: F | AB125: Значимость F | AH125: df | AI125: SS | AJ125: MS | AK125: F | AL125: Значимость F
M126: Регрессия | N126: 3 | O126: 133063.06 | P126: 44354.353 | Q126: 8.5008796 | R126: 0.00087130853 | W126: Регрессия | X126: 2 | Y126: 988.62155 | Z126: 494.31078 | AA126: 3.9311248 | AB126: 0.036319359 | AG126: Регрессия | AH126: 3 | AI126: 1287311.1 | AJ126: 429103.7 | AK126: 15.863285 | AL126: 2.0833488e-05
M127: Остаток | N127: 19 | O127: 99134.766 | P127: 5217.6193 | W127: Остаток | X127: 20 | Y127: 2514.8567 | Z127: 125.74284 | AG127: Остаток | AH127: 19 | AI127: 513952.21 | AJ127: 27050.116
M128: Итого | N128: 22 | O128: 232197.83 | W128: Итого | X128: 22 | Y128: 3503.4783 | AG128: Итого | AH128: 22 | AI128: 1801263.3
N130: Коэффициенты | O130: Стандартная ошибка | P130: t-статистика | Q130: P-Значение | R130: Нижние 95% | S130: Верхние 95% | T130: Нижние 95,0% | U130: Верхние 95,0% | X130: Коэффициенты | Y130: Стандартная ошибка | Z130: t-статистика | AA130: P-Значение | AB130: Нижние 95% | AC130: Верхние 95% | AD130: Нижние 95,0% | AE130: Верхние 95,0% | AH130: Коэффициенты | AI130: Стандартная ошибка | AJ130: t-статистика | AK130: P-Значение | AL130: Нижние 95% | AM130: Верхние 95% | AN130: Нижние 95,0% | AO130: Верхние 95,0%
M131: Y-пересечение | N131: 208.68013 | O131: 107.56264 | P131: 1.94008 | Q131: 0.067359532 | R131: -16.451063 | S131: 433.81132 | T131: -16.451063 | U131: 433.81132 | W131: Y-пересечение | X131: 193.7858 | Y131: 16.059817 | Z131: 12.066501 | AA131: 1.2329871e-10 | AB131: 160.28561 | AC131: 227.28599 | AD131: 160.28561 | AE131: 227.28599 | AG131: Y-пересечение | AH131: -3856.3302 | AI131: 7777.3279 | AJ131: -0.49584256 | AK131: 0.62569224 | AL131: -20134.465 | AM131: 12421.804 | AN131: -20134.465 | AO131: 12421.804
M132: х1 | N132: 1.002755 | O132: 3.2936538 | P132: 0.30445063 | Q132: 0.76409408 | R132: -5.8909417 | S132: 7.8964516 | T132: -5.8909417 | U132: 7.8964516 | W132: х2 | X132: -1.0855023 | Y132: 1.0059283 | Z132: -1.079105 | AA132: 0.29338367 | AB132: -3.183832 | AC132: 1.0128274 | AD132: -3.183832 | AE132: 1.0128274 | AG132: х2 | AH132: -10.027732 | AI132: 19.400316 | AJ132: -0.51688496 | AK132: 0.61120112 | AL132: -50.63306 | AM132: 30.577597 | AN132: -50.63306 | AO132: 30.577597
M133: х2 | N133: 1.5217137 | O133: 7.2104153 | P133: 0.21104383 | Q133: 0.83510011 | R133: -13.569859 | S133: 16.613286 | T133: -13.569859 | U133: 16.613286 | W133: х3 | X133: 0.19203498 | Y133: 0.072025303 | Z133: 2.6662156 | AA133: 0.014833126 | AB133: 0.041792834 | AC133: 0.34227713 | AD133: 0.041792834 | AE133: 0.34227713 | AG133: ŷ1 | AH133: 1.5063562 | AI133: 3.7906162 | AJ133: 0.39739085 | AK133: 0.69550825 | AL133: -6.4274947 | AM133: 9.4402071 | AN133: -6.4274947 | AO133: 9.4402071
M134: ŷ3 | N134: 0.33461021 | O134: 0.073835026 | P134: 4.5318629 | Q134: 0.00022808886 | R134: 0.18007173 | S134: 0.4891487 | T134: 0.18007173 | U134: 0.4891487 | AG134: ŷ2 | AH134: 17.07618 | AI134: 41.987268 | AJ134: 0.406699 | AK134: 0.68877384 | AL134: -70.804182 | AM134: 104.95654 | AN134: -70.804182 | AO134: 104.95654
W137: ВЫВОД ОСТАТКА
M138: ВЫВОД ОСТАТКА | AG138: ВЫВОД ОСТАТКА
W139: Наблюдение | X139: Предсказанное у2 | Y139: Остатки
M140: Наблюдение | N140: Предсказанное у1 | O140: Остатки | W140: 1 | X140: 217.87286 | Y140: 22.127145 | AG140: Наблюдение | AH140: Предсказанное у3 | AI140: Остатки
M141: 1 | N141: 338.02421 | O141: -3.0242107 | W141: 2 | X141: 219.44229 | Y141: 6.5577114 | AG141: 1 | AH141: 277.72907 | AI141: 64.270926
M142: 2 | N142: 350.14117 | O142: 28.858828 | W142: 3 | X142: 215.44271 | Y142: 5.5572928 | AG142: 2 | AH142: 310.19798 | AI142: 12.802019
...

Sheet З-14. Коррелция рядов динамики
B2: Период времени (t) | C2: Стоимость основных фондов млн. руб. (y) | D2: Дивиденды по обыкновенным акциям % (x)
B3: 1 | C3: 72 | D3: 4.2
B4: 2 | C4: 75 | D4: 3
B5: 3 | C5: 77 | D5: 2.4
B6: 4 | C6: 77 | D6: 2
B7: 5 | C7: 79 | D7: 1.9
B8: 6 | C8: 80 | D8: 1.7
B9: 7 | C9: 78 | D9: 1.8
B10: 8 | C10: 79 | D10: 1.6
B11: 9 | C11: 80 | D11: 1.7
B15: 1. Есть ли тенденция в рядах?
B17: 1.1 Графический метод (кажется, что тенденция имеется, однако данный метод оценки является неточным)
B33: 1.2 Автокорреляционная функция (рассчитаем автокорреляцию при лаге = 1)
B35: Для стоимости основных фондов | H35: Ручной способ | I35: КОРРЕЛ | J35: Вывод
B36: t | C36: yt | D36: yt-1 | E36: yt*yt-1 | H36: =(E46-D46*C46)/(C47*D47) -> 0.82717324 | I36: =CORREL(C38:C45,D38:D45) -> 0.82717324 | J36: Коэф корреляции показывает тесную связь, то есть, имеется тенденция
B37: =B3 -> 1 | C37: =C3 -> 72 | D37: - | E37: -
B38: =B4 -> 2 | C38: =C4 -> 75 | D38: =C37 -> 72 | E38: =C38*D38 -> 5400
B39: =B5 -> 3 | C39: =C5 -> 77 | D39: =C38 -> 75 | E39: =C39*D39 -> 5775
B40: =B6 -> 4 | C40: =C6 -> 77 | D40: =C39 -> 77 | E40: =C40*D40 -> 5929
B41: =B7 -> 5 | C41: =C7 -> 79 | D41: =C40 -> 77 | E41: =C41*D41 -> 6083
B42: =B8 -> 6 | C42: =C8 -> 80 | D42: =C41 -> 79 | E42: =C42*D42 -> 6320
B43: =B9 -> 7 | C43: =C9 -> 78 | D43: =C42 -> 80 | E43: =C43*D43 -> 6240
B44: =B10 -> 8 | C44: =C10 -> 79 | D44: =C43 -> 78 | E44: =C44*D44 -> 6162
B45: =B11 -> 9 | C45: =C11 -> 80 | D45: =C44 -> 79 | E45: =C45*D45 -> 6320
B46: Среднее | C46: =AVERAGE(C38:C45) -> 78.125 | D46: =AVERAGE(D38:D45) -> 77.125 | E46: =AVERAGE(E38:E45) -> 6028.625
B47: Среднеквадарическое отклонение | C47: =SQRT(_xlfn.VAR.P(C38:C45)) -> 1.615356 | D47: =SQRT(_xlfn.VAR.P(D38:D45)) -> 2.4206146
B51: Для дивединдов по обыкновенным акциям | H51: Ручной способ | I51: КОРРЕЛ | J51: Вывод
B52: t | C52: xt | D52: xt-1 | E52: xt*xt-1 | H52: =(E62-D62*C62)/(C63*D63) -> 0.98310114 | I52: =CORREL(C54:C61,D54:D61) -> 0.98310114 | J52: Коэф корреляции показывает очень тесную связь, то есть, имеется тенденция
B53: =B3 -> 1 | C53: =D3 -> 4.2 | D53: - | E53: -
B54: =B4 -> 2 | C54: =D4 -> 3 | D54: =C53 -> 4.2 | E54: =D54*C54 -> 12.6
B55: =B5 -> 3 | C55: =D5 -> 2.4 | D55: =C54 -> 3 | E55: =D55*C55 -> 7.2
B56: =B6 -> 4 | C56: =D6 -> 2 | D56: =C55 -> 2.4 | E56: =D56*C56 -> 4.8
B57: =B7 -> 5 | C57: =D7 -> 1.9 | D57: =C56 -> 2 | E57: =D57*C57 -> 3.8
B58: =B8 -> 6 | C58: =D8 -> 1.7 | D58: =C57 -> 1.9 | E58: =D58*C58 -> 3.23
B59: =B9 -> 7 | C59: =D9 -> 1.8 | D59: =C58 -> 1.7 | E59: =D59*C59 -> 3.06
B60: =B10 -> 8 | C60: =D10 -> 1.6 | D60: =C59 -> 1.8 | E60: =D60*C60 -> 2.88
B61: =B11 -> 9 | C61: =D11 -> 1.7 | D61: =C60 -> 1.6 | E61: =D61*C61 -> 2.72
B62: Среднее | C62: =AVERAGE(C54:C61) -> 2.0125 | D62: =AVERAGE(D54:D61) -> 2.325 | E62: =AVERAGE(E54:E61) -> 5.03625
B63: Среднеквадарическое отклонение | C63: =SQRT(_xlfn.VAR.P(C54:C61)) -> 0.4399929 | D63: =SQRT(_xlfn.VAR.P(D54:D61)) -> 0.82575723
B66: 1.3 Проверка значимости детерминированного тренда
B67: Для функции y(t) | L67: Для функции x(t)
B68: ВЫВОД ИТОГОВ | L68: ВЫВОД ИТОГОВ
B70: Регрессионная статистика | L70: Регрессионная статистика
B71: Множественный R | C71: 0.85907642 | L71: Множественный R | M71: 0.84144716
B72: R-квадрат | C72: 0.7380123 | L72: R-квадрат | M72: 0.70803332
B73: Нормированный R-квадрат | C73: 0.70058548 | L73: Нормированный R-квадрат | M73: 0.66632379
B74: Стандартная ошибка | C74: 1.4245579 | L74: Стандартная ошибка | M74: 0.49194302
B75: Наблюдения | C75: 9 | L75: Наблюдения | M75: 9
B77: Дисперсионный анализ | L77: Дисперсионный анализ
C78: df | D78: SS | E78: MS | F78: F | G78: Значимость F | M78: df | N78: SS | O78: MS | P78: F | Q78: Значимость F
B79: Регрессия | C79: 1 | D79: 40.016667 | E79: 40.016667 | F79: 19.718811 | G79: 0.0030055745 | L79: Регрессия | M79: 1 | N79: 4.1081667 | O79: 4.1081667 | P79: 16.975339 | Q79: 0.0044589277
B80: Остаток | C80: 7 | D80: 14.205556 | E80: 2.0293651 | L80: Остаток | M80: 7 | N80: 1.6940556 | O80: 0.24200794
B81: Итого | C81: 8 | D81: 54.222222 | L81: Итого | M81: 8 | N81: 5.8022222
C83: Коэффициенты | D83: Стандартная ошибка | E83: t-статистика | F83: P-Значение | G83: Нижние 95% | H83: Верхние 95% | I83: Нижние 95,0% | J83: Верхние 95,0% | M83: Коэффициенты | N83: Стандартная ошибка | O83: t-статистика | P83: P-Значение | Q83: Нижние 95% | R83: Верхние 95% | S83: Нижние 95,0% | T83: Верхние 95,0%
B84: Y-пересечение | C84: 73.361111 | D84: 1.0349173 | E84: 70.885965 | F84: 2.9239667e-11 | G84: 70.913921 | H84: 75.808302 | I84: 70.913921 | J84: 75.808302 | L84: Y-пересечение | M84: 3.5638889 | N84: 0.35738832 | O84: 9.9720352 | P84: 2.1792771e-05 | Q84: 2.7187998 | R84: 4.408978 | S84: 2.7187998 | T84: 4.408978
B85: Период времени | C85: 0.81666667 | D85: 0.18390963 | E85: 4.4405868 | F85: 0.0030055745 | G85: 0.3817895 | H85: 1.2515438 | I85: 0.3817895 | J85: 1.2515438 | L85: Период времени | M85: -0.26166667 | N85: 0.063509571 | O85: -4.1201139 | P85: 0.0044589277 | Q85: -0.41184294 | R85: -0.11149039 | S85: -0.41184294 | T85: -0.11149039
B90: 2. Поиск наилучшего уравнения тренда
B93: Линейный | L93: Гипербола | V93: Парабола | AF93: Степенная | AP93: Показательная | AZ93: Полулогарифмическая
B94: Ряд | C94: Значимость | D94: Качество аппроксимации (R2) | L94: Ряд | M94: Значимость | N94: Качество аппроксимации (R2) | V94: Ряд | W94: Значимость | X94: Качество аппроксимации (R2) | AF94: Ряд | AG94: Значимость | AH94: Качество аппроксимации (R2) | AP94: Ряд | AQ94: Значимость | AR94: Качество аппроксимации (R2) | AZ94: Ряд | BA94: Значимость | BB94: Качество аппроксимации (R2)
B95: y(t) | C95: Все параметры значимы | D95: =C73 -> 0.70058548 | L95: y(t) | M95: Все параметры значимы | N95: =M116 -> 0.88452596 | V95: y(t) | W95: Все параметры значимы | X95: =W115 -> 0.86380669 | AF95: y(t) | AG95: Все параметры значимы | AH95: =AG115 -> 0.88723285 | AP95: y(t) | AQ95: Все параметры значимы | AR95: =AQ115 -> 0.69452825 | AZ95: y(t) | BA95: Все параметры значимы | BB95: =BA115 -> 0.8861568
B96: x(t) | C96: Все параметры значимы | D96: =M73 -> 0.66632379 | L96: x(t) | M96: Все параметры значимы | N96: =M149 -> 0.98317358 | V96: x(t) | W96: Все параметры значимы | X96: =W149 -> 0.93869493 | AF96: x(t) | AG96: Все параметры значимы | AH96: =AG149 -> 0.95575738 | AP96: x(t) | AQ96: Все параметры значимы | AR96: =AQ149 -> 0.76087512 | AZ96: x(t) | BA96: Все параметры значимы | BB96: =BA149 -> 0.91632971
L98: Уравнение: y = b0 + b1 * z + ε | V98: Уравнение: y = b0 + b1 z1 + b2z2 + ε | AF98: Уравнение: ln(y) = ln(b0) + b1 ln(t) + ln(ε) | AP98: Уравнение: ln(y) = ln(b0) + t ln(b1) + ln(ε) | AZ98: Уравнение: y = b0 + b1 ln(t) + ε
L99: y | M99: z = 1 / t | V99: y | W99: z1 = t | X99: z2 = t2 | AF99: ln(y) | AG99: ln(t) | AP99: ln(y) | AQ99: t | AZ99: y | BA99: ln(t)
L100: =C3 -> 72 | M100: =1/B3 -> 1 | V100: {=C3:C11} -> 72 | W100: {=B3:B11} -> 1 | X100: =W100^2 -> 1 | AF100: =LN(C3) -> 4.2766661 | AG100: =LN(B3) -> 0 | AP100: =LN(C3) -> 4.2766661 | AQ100: =B3 -> 1 | AZ100: =C3 -> 72 | BA100: =LN(B3) -> 0
B101: 3. Оценить тесноту связи по исходным уровням рядов (ложная корреляция) | L101: =C4 -> 75 | M101: =1/B4 -> 0.5 | V101: 75 | W101: 2 | X101: =W101^2 -> 4 | AF101: =LN(C4) -> 4.3174881 | AG101: =LN(B4) -> 0.69314718 | AP101: =LN(C4) -> 4.3174881 | AQ101: =B4 -> 2 | AZ101: =C4 -> 75 | BA101: =LN(B4) -> 0.69314718
B102: =CORREL(C3:C11,D3:D11) -> -0.95968879 | L102: =C5 -> 77 | M102: =1/B5 -> 0.33333333 | V102: 77 | W102: 3 | X102: =W102^2 -> 9 | AF102: =LN(C5) -> 4.3438054 | AG102: =LN(B5) -> 1.0986123 | AP102: =LN(C5) -> 4.3438054 | AQ102: =B5 -> 3 | AZ102: =C5 -> 77 | BA102: =LN(B5) -> 1.0986123
L103: =C6 -> 77 | M103: =1/B6 -> 0.25 | V103: 77 | W103: 4 | X103: =W103^2 -> 16 | AF103: =LN(C6) -> 4.3438054 | AG103: =LN(B6) -> 1.3862944 | AP103: =LN(C6) -> 4.3438054 | AQ103: =B6 -> 4 | AZ103: =C6 -> 77 | BA103: =LN(B6) -> 1.3862944
L104: =C7 -> 79 | M104: =1/B7 -> 0.2 | V104: 79 | W104: 5 | X104: =W104^2 -> 25 | AF104: =LN(C7) -> 4.3694479 | AG104: =LN(B7) -> 1.6094379 | AP104: =LN(C7) -> 4.3694479 | AQ104: =B7 -> 5 | AZ104: =C7 -> 79 | BA104: =LN(B7) -> 1.6094379
L105: =C8 -> 80 | M105: =1/B8 -> 0.16666667 | V105: 80 | W105: 6 | X105: =W105^2 -> 36 | AF105: =LN(C8) -> 4.3820266 | AG105: =LN(B8) -> 1.7917595 | AP105: =LN(C8) -> 4.3820266 | AQ105: =B8 -> 6 | AZ105: =C8 -> 80 | BA105: =LN(B8) -> 1.7917595
L106: =C9 -> 78 | M106: =1/B9 -> 0.14285714 | V106: 78 | W106: 7 | X106: =W106^2 -> 49 | AF106: =LN(C9) -> 4.3567088 | AG106: =LN(B9) -> 1.9459101 | AP106: =LN(C9) -> 4.3567088 | AQ106: =B9 -> 7 | AZ106: =C9 -> 78 | BA106: =LN(B9) -> 1.9459101
L107: =C10 -> 79 | M107: =1/B10 -> 0.125 | V107: 79 | W107: 8 | X107: =W107^2 -> 64 | AF107: =LN(C10) -> 4.3694479 | AG107: =LN(B10) -> 2.0794415 | AP107: =LN(C10) -> 4.3694479 | AQ107: =B10 -> 8 | AZ107: =C10 -> 79 | BA107: =LN(B10) -> 2.0794415
L108: =C11 -> 80 | M108: =1/B11 -> 0.11111111 | V108: 80 | W108: 9 | X108: =W108^2 -> 81 | AF108: =LN(C11) -> 4.3820266 | AG108: =LN(B11) -> 2.1972246 | AP108: =LN(C11) -> 4.3820266 | AQ108: =B11 -> 9 | AZ108: =C11 -> 80 | BA108: =LN(B11) -> 2.1972246
B109: 4. Реальная теснота связи по исходным уровням рядов
V110: ВЫВОД ИТОГОВ | AF110: ВЫВОД ИТОГОВ | AP110: ВЫВОД ИТОГОВ | AZ110: ВЫВОД ИТОГОВ
B111: 4.1 Метод корреляции абсолютных разностей (для временного ряда y(t) была выбрана степенная зависимость, а для x(t) - гипербола, но так как параболическая зависимость также характеризуется высоким качеством аппроксимации, то можно проверить и этим способом) | L111: ВЫВОД ИТОГОВ
V112: Регрессионная статистика | AF112: Регрессионная статистика | AP112: Регрессионная статистика | AZ112: Регрессионная статистика
B113: y | C113: Δ(1)y | D113: Δ(2)y | L113: Регрессионная статистика | V113: Множественный R | W113: 0.94755212 | AF113: Множественный R | AG113: 0.94938335 | AP113: Множественный R | AQ113: 0.85598611 | AZ113: Множественный R | BA113: 0.94888735
B114: {=C3:C11} -> 72 | C114: - | D114: - | L114: Множественный R | M114: 0.94813512 | V114: R-квадрат | W114: 0.89785501 | AF114: R-квадрат | AG114: 0.90132875 | AP114: R-квадрат | AQ114: 0.73271222 | AZ114: R-квадрат | BA114: 0.9003872
B115: 75 | C115: =B115-B114 -> 3 | D115: - | L115: R-квадрат | M115: 0.89896021 | V115: Нормированный R-квадрат | W115: 0.86380669 | AF115: Нормированный R-квадрат | AG115: 0.88723285 | AP115: Нормированный R-квадрат | AQ115: 0.69452825 | AZ115: Нормированный R-квадрат | BA115: 0.8861568
B116: 77 | C116: =B116-B115 -> 2 | D116: =C116-C115 -> -1 | L116: Нормированный R-квадрат | M116: 0.88452596 | V116: Стандартная ошибка | W116: 0.9607747 | AF116: Стандартная ошибка | AG116: 0.011484143 | AP116: Стандартная ошибка | AQ116: 0.01890135 | AZ116: Стандартная ошибка | BA116: 0.87840986
B117: 77 | C117: =B117-B116 -> 0 | D117: =C117-C116 -> -2 | L117: Стандартная ошибка | M117: 0.88467926 | V117: Наблюдения | W117: 9 | AF117: Наблюдения | AG117: 9 | AP117: Наблюдения | AQ117: 9 | AZ117: Наблюдения | BA117: 9
B118: 79 | C118: =B118-B117 -> 2 | D118: =C118-C117 -> 2 | L118: Наблюдения | M118: 9
B119: 80 | C119: =B119-B118 -> 1 | D119: =C119-C118 -> -1 | V119: Дисперсионный анализ | AF119: Дисперсионный анализ | AP119: Дисперсионный анализ | AZ119: Дисперсионный анализ
B120: 78 | C120: =B120-B119 -> -2 | D120: =C120-C119 -> -3 | L120: Дисперсионный анализ | W120: df | X120: SS | Y120: MS | Z120: F | AA120: Значимость F | AG120: df | AH120: SS | AI120: MS | AJ120: F | AK120: Значимость F | AQ120: df | AR120: SS | AS120: MS | AT120: F | AU120: Значимость F | BA120: df | BB120: SS | BC120: MS | BD120: F | BE120: Значимость F
B121: 79 | C121: =B121-B120 -> 1 | D121: =C121-C120 -> 3 | M121: df | N121: SS | O121: MS | P121: F | Q121: Значимость F | V121: Регрессия | W121: 2 | X121: 48.683694 | Y121: 24.341847 | Z121: 26.370017 | AA121: 0.0010657397 | AF121: Регрессия | AG121: 1 | AH121: 0.0084331105 | AI121: 0.0084331105 | AJ121: 63.942648 | AK121: 9.141047e-05 | AP121: Регрессия | AQ121: 1 | AR121: 0.0068554821 | AS121: 0.0068554821 | AT121: 19.189001 | AU121: 0.003232402 | AZ121: Регрессия | BA121: 1 | BB121: 48.820995 | BC121: 48.820995 | BD121: 63.272096 | BE121: 9.4537722e-05
B122: 80 | C122: =B122-B121 -> 1 | D122: =C122-C121 -> 0 | L122: Регрессия | M122: 1 | N122: 48.743621 | O122: 48.743621 | P122: 62.27964 | Q122: 9.9423458e-05 | V122: Остаток | W122: 6 | X122: 5.5385281 | Y122: 0.92308802 | AF122: Остаток | AG122: 7 | AH122: 0.00092319877 | AI122: 0.00013188554 | AP122: Остаток | AQ122: 7 | AR122: 0.0025008272 | AS122: 0.00035726102 | AZ122: Остаток | BA122: 7 | BB122: 5.4012272 | BC122: 0.77160388
L123: Остаток | M123: 7 | N123: 5.4786017 | O123: 0.78265739 | V123: Итого | W123: 8 | X123: 54.222222 | AF123: Итого | AG123: 8 | AH123: 0.0093563093 | AP123: Итого | AQ123: 8 | AR123: 0.0093563093 | AZ123: Итого | BA123: 8 | BB123: 54.222222
L124: Итого | M124: 8 | N124: 54.222222
B125: x | C125: Δ(1)x | D125: Δ(2)x | W125: Коэффициенты | X125: Стандартная ошибка | Y125: t-статистика | Z125: P-Значение | AA125: Нижние 95% | AB125: Верхние 95% | AC125: Нижние 95,0% | AD125: Верхние 95,0% | AG125: Коэффициенты | AH125: Стандартная ошибка | AI125: t-статистика | AJ125: P-Значение | AK125: Нижние 95% | AL125: Верхние 95% | AM125: Нижние 95,0% | AN125: Верхние 95,0% | AQ125: Коэффициенты | AR125: Стандартная ошибка | AS125: t-статистика | AT125: P-Значение | AU125: Нижние 95% | AV125: Верхние 95% | AW125: Нижние 95,0% | AX125: Верхние 95,0% | BA125: Коэффициенты | BB125: Стандартная ошибка | BC125: t-статистика | BD125: P-Значение | BE125: Нижние 95% | BF125: Верхние 95% | BG125: Нижние 95,0% | BH125: Верхние 95,0%
B126: {=D3:D11} -> 4.2 | C126: - | D126: - | M126: Коэффициенты | N126: Стандартная ошибка | O126: t-статистика | P126: P-Значение | Q126: Нижние 95% | R126: Верхние 95% | S126: Нижние 95,0% | T126: Верхние 95,0% | V126: Y-пересечение | W126: 70.285714 | X126: 1.222507 | Y126: 57.493096 | Z126: 1.8601248e-09 | AA126: 67.294347 | AB126: 73.277081 | AC126: 67.294347 | AD126: 73.277081 | AF126: Y-пересечение | AG126: 4.2848387 | AH126: 0.0088954497 | AI126: 481.68882 | AJ126: 4.3890292e-17 | AK126: 4.2638043 | AL126: 4.3058731 | AM126: 4.2638043 | AN126: 4.3058731 | AP126: Y-пересечение | AQ126: 4.2956012 | AR126: 0.013731512 | AS126: 312.82798 | AT126: 9.0061557e-16 | AU126: 4.2631313 | AV126: 4.3280711 | AW126: 4.2631313 | AX126: 4.3280711 | AZ126: Y-пересечение | BA126: 72.559038 | BB126: 0.68040347 | BC126: 106.64119 | BD126: 1.6806172e-12 | BE126: 70.95014 | BF126: 74.167937 | BG126: 70.95014 | BH126: 74.167937
B127: 3 | C127: =B127-B126 -> -1.2 | D127: - | L127: Y-пересечение | M127: 80.165315 | N127: 0.45368626 | O127: 176.69769 | P127: 4.9074536e-14 | Q127: 79.092518 | R127: 81.238113 | S127: 79.092518 | T127: 81.238113 | V127: z1 = t | W127: 2.4941558 | X127: 0.56132763 | Y127: 4.4433157 | Z127: 0.0043602959 | AA127: 1.1206366 | AB127: 3.8676751 | AC127: 1.1206366 | AD127: 3.8676751 | AF127: ln(t) | AG127: 0.045140023 | AH127: 0.0056450328 | AI127: 7.9964147 | AJ127: 9.141047e-05 | AK127: 0.031791642 | AL127: 0.058488405 | AM127: 0.031791642 | AN127: 0.058488405 | AP127: t | AQ127: 0.010689155 | AR127: 0.0024401538 | AS127: 4.3805252 | AT127: 0.003232402 | AU127: 0.0049191083 | AV127: 0.016459202 | AW127: 0.0049191083 | AX127: 0.016459202 | AZ127: ln(t) | BA127: 3.4345607 | BB127: 0.43178255 | BC127: 7.9543759 | BD127: 9.4537722e-05 | BE127: 2.4135572 | BF127: 4.4555642 | BG127: 2.4135572 | BH127: 4.4555642
B128: 2.4 | C128: =B128-B127 -> -0.6 | D128: =C128-C127 -> 0.6 | L128: z = 1 / t | M128: -8.6561012 | N128: 1.0968552 | O128: -7.8917451 | P128: 9.9423458e-05 | Q128: -11.249752 | R128: -6.0624509 | S128: -11.249752 | T128: -6.0624509 | V128: z2 = t2 | W128: -0.16774892 | X128: 0.054745219 | Y128: -3.0641747 | Z128: 0.022106401 | AA128: -0.30170564 | AB128: -0.033792192 | AC128: -0.30170564 | AD128: -0.033792192
B129: 2 | C129: =B129-B128 -> -0.4 | D129: =C129-C128 -> 0.2
B130: 1.9 | C130: =B130-B129 -> -0.1 | D130: =C130-C129 -> 0.3
B131: 1.7 | C131: =B131-B130 -> -0.2 | D131: =C131-C130 -> -0.1
B132: 1.8 | C132: =B132-B131 -> 0.1 | D132: =C132-C131 -> 0.3 | L132: Уравнение: x = b0 + b1 * z + ε | V132: Уравнение: x = b0 + b1 z1 + b2z2 + ε | AF132: Уравнение: ln(x) = ln(b0) + b1 ln(t) + ln(ε) | AP132: Уравнение: ln(x) = ln(b0) + t ln(b1) + ln(ε) | AZ132: Уравнение: x = b0 + b1 ln(t) + ε
B133: 1.6 | C133: =B133-B132 -> -0.2 | D133: =C133-C132 -> -0.3 | L133: x | M133: z = 1 / t | V133: x | W133: z1 = t | X133: z2 = t2 | AF133: ln(x) | AG133: ln(t) | AP133: ln(x) | AQ133: t | AZ133: x | BA133: ln(t)
B134: 1.7 | C134: =B134-B133 -> 0.1 | D134: =C134-C133 -> 0.3 | L134: =D3 -> 4.2 | M134: =1/B3 -> 1 | V134: {=D3:D11} -> 4.2 | W134: {=B3:B11} -> 1 | X134: =W134^2 -> 1 | AF134: =LN(D3) -> 1.4350845 | AG134: =LN(B3) -> 0 | AP134: =LN(D3) -> 1.4350845 | AQ134: =B3 -> 1 | AZ134: =D3 -> 4.2 | BA134: =LN(B3) -> 0
L135: =D4 -> 3 | M135: =1/B4 -> 0.5 | V135: 3 | W135: 2 | X135: =W135^2 -> 4 | AF135: =LN(D4) -> 1.0986123 | AG135: =LN(B4) -> 0.69314718 | AP135: =LN(D4) -> 1.0986123 | AQ135: =B4 -> 2 | AZ135: =D4 -> 3 | BA135: =LN(B4) -> 0.69314718
B136: Коэф корреляции абсолютных разностей | C136: Интерпретация | L136: =D5 -> 2.4 | M136: =1/B5 -> 0.33333333 | V136: 2.4 | W136: 3 | X136: =W136^2 -> 9 | AF136: =LN(D5) -> 0.87546874 | AG136: =LN(B5) -> 1.0986123 | AP136: =LN(D5) -> 0.87546874 | AQ136: =B5 -> 3 | AZ136: =D5 -> 2.4 | BA136: =LN(B5) -> 1.0986123
...

Sheet З-15. Критерий Дарбина-Уотсона 
B3: Степенная. Остатки y(t) | E3: Гипербола. Остатки x(t)
A4: t | B4: εt | C4: εt-1 | D4: (εt-εt-1)2 | E4: εt | F4: εt-1 | G4: (εt-εt-1)2
A5: 1 | B5: -0.0081725571 | C5: - | D5: - | E5: -0.088170116 | F5: - | G5: -
A6: 2 | B6: 0.0013607575 | C6: =B5 -> -0.0081725571 | D6: =B6-C6 -> 0.0095333146 | E6: 0.19403997 | F6: =E5 -> -0.088170116 | G6: =E6-F6 -> 0.28221009
A7: 3 | B7: 0.0093753613 | C7: =B6 -> 0.0013607575 | D7: =B7-C7 -> 0.0080146038 | E7: 0.088110004 | F7: =E6 -> 0.19403997 | G7: =E7-F7 -> -0.10592997
A8: 4 | B8: -0.0036106142 | C8: =B7 -> 0.0093753613 | D8: =B8-C8 -> -0.012985975 | E8: -0.06485498 | F8: =E7 -> 0.088110004 | G8: =E8-F8 -> -0.15296498
A9: 5 | B9: 0.011959111 | C9: =B8 -> -0.0036106142 | D9: =B9-C9 -> 0.015569725 | E9: -0.016633971 | F9: =E8 -> -0.06485498 | G9: =E9-F9 -> 0.048221009
A10: 6 | B10: 0.016307894 | C10: =B9 -> 0.011959111 | D10: =B10-C10 -> 0.0043487829 | E10: -0.11781997 | F10: =E9 -> -0.016633971 | G10: =E10-F10 -> -0.10118599
A11: 7 | B11: -0.015968279 | C11: =B10 -> 0.016307894 | D11: =B11-C11 -> -0.032276173 | E11: 0.052761468 | F11: =E10 -> -0.11781997 | G11: =E11-F11 -> 0.17058143
A12: 8 | B12: -0.0092568635 | C12: =B11 -> -0.015968279 | D12: =B12-C12 -> 0.0067114156 | E12: -0.094302458 | F12: =E11 -> 0.052761468 | G12: =E12-F12 -> -0.14706393
A13: 9 | B13: -0.0019948103 | C13: =B12 -> -0.0092568635 | D13: =B13-C13 -> 0.0072620532 | E13: 0.046870045 | F13: =E12 -> -0.094302458 | G13: =E13-F13 -> 0.1411725
A14: Cумма | B14: =SUMSQ(B5:B13) -> 0.00092319877 | C14: =SUMSQ(C5:C13) -> 0.0009192195 | D14: =SUMSQ(D5:D13) -> 0.0017246137 | E14: =SUMSQ(E5:E13) -> 0.085426783 | F14: =SUMSQ(F5:F13) -> 0.083229982 | G14: =SUMSQ(G5:G13) -> 0.19748135
A18: Критерий Дарбина-Уотсона | E18: Коэф автокорреляции случайных остатков
B19: y(t) | C19: x(t) | E19: y(t) | F19: x(t)
A20: dw | B20: =D14/B14 -> 1.8680849 | C20: =G14/E14 -> 2.311703 | E20: =CORREL(B6:B13,C6:C13) -> 0.026588366 | F20: =CORREL(E6:E13,F6:F13) -> -0.22296239
A21: dwlower | B21: 0.82 | C21: 0.82
A22: dwupper | B22: 1.32 | C22: 1.32
A23: 4 - dwupper | B23: =4-B22 -> 2.68 | C23: =4-C22 -> 2.68
A24: 4 - dwlower | B24: =4-B21 -> 3.18 | C24: =4-C21 -> 3.18
A25: Вывод | B25: В обоих рядах отсутствует автокорреляция случайных остатков, так как обе статистики попадают в зону между dwupper и 4 - dwupper | E25: Коэф корреляции показывает, что связь в ряду y(t) отсутствует, а в x(t) - слабая
